id,kuntanro,kuntanimi,asuntolkm,talotyyppi,rahmuoto,rahmuoto2,valmvuosi
914,91,Helsinki,1,AP,VR,VO,2020
1756,543,Nurmijarvi,1,AP,VR,VO,2020
805,91,Helsinki,1,AP,VR,VO,2020
201,49,Espoo,1,AP,VR,VO,2020
2015,858,Tuusula,1,AP,VR,VO,2020
1818,543,Nurmijarvi,2,AP,VR,VO,2020
486,49,Espoo,1,AP,VR,VO,2020
414,49,Espoo,1,AP,VR,VO,2020
1219,92,Vantaa,1,AP,VR,VO,2020
933,91,Helsinki,2,AP,VR,VO,2020
244,49,Espoo,1,AP,VR,VO,2020
1732,505,Mantsala,2,AP,VR,VO,2020
1539,186,Jarvenpaa,1,AP,VR,VO,2020
2106,927,Vihti,1,AP,VR,VO,2020
1449,106,Hyvinkaa,1,AP,VR,VO,2020
29,49,Espoo,57,AK,VR,VO,2020
1335,92,Vantaa,1,AP,VR,VO,2020
1637,257,Kirkkonummi,1,AP,VR,VO,2020
415,49,Espoo,2,AP,VR,VO,2020
1828,543,Nurmijarvi,7,AP,VR,VO,2020
764,91,Helsinki,1,AP,VR,VO,2020
1153,92,Vantaa,1,AP,VR,VO,2020
1524,186,Jarvenpaa,1,AP,VR,VO,2020
240,49,Espoo,2,AP,VR,VO,2020
2037,858,Tuusula,1,AP,VR,VO,2020
254,49,Espoo,1,AP,VR,VO,2020
351,49,Espoo,2,AP,VR,VO,2020
1652,257,Kirkkonummi,1,AP,VR,VO,2020
1857,543,Nurmijarvi,4,AK,VR,VO,2020
861,91,Helsinki,1,AP,VR,VO,2020
1474,186,Jarvenpaa,1,AP,VR,VO,2020
863,91,Helsinki,2,AP,VR,VO,2020
1569,186,Jarvenpaa,41,AK,VR,VV,2020
2130,927,Vihti,1,AP,VR,VO,2020
1716,505,Mantsala,1,AP,VR,VO,2020
2094,927,Vihti,1,AP,VR,VO,2020
1529,186,Jarvenpaa,6,AP,ASO,ASO,2020
329,49,Espoo,1,AP,VR,VO,2020
831,91,Helsinki,2,AP,VR,VO,2020
326,49,Espoo,1,AP,VR,VO,2020
1337,92,Vantaa,2,AP,VR,VO,2020
704,91,Helsinki,1,AP,VR,VO,2020
1028,92,Vantaa,1,AP,VR,VO,2020
661,91,Helsinki,1,AP,VR,VO,2020
357,49,Espoo,2,AP,VR,VO,2020
1090,92,Vantaa,1,AP,VR,VO,2020
1944,753,Sipoo,1,AP,VR,VO,2020
901,91,Helsinki,1,AP,VR,VO,2020
426,49,Espoo,1,AP,VR,VO,2020
593,91,Helsinki,45,AK,ASO,ASO,2020
60,49,Espoo,60,AK,VR,VV,2020
911,91,Helsinki,1,AP,VR,VO,2020
155,49,Espoo,1,AP,VR,VO,2020
1889,753,Sipoo,2,AP,VR,VO,2020
2011,858,Tuusula,1,AP,VR,VO,2020
750,91,Helsinki,2,AP,VR,VO,2020
61,49,Espoo,16,AP,VR,VO,2020
317,49,Espoo,2,AP,VR,VO,2020
1734,505,Mantsala,1,AP,VR,VO,2020
1486,186,Jarvenpaa,4,AP,VR,VO,2020
417,49,Espoo,3,AP,VR,VO,2020
1548,186,Jarvenpaa,1,AP,VR,VO,2020
1631,257,Kirkkonummi,1,AP,VR,VO,2020
615,91,Helsinki,1,AP,VR,VO,2020
128,49,Espoo,1,AP,VR,VO,2020
1387,235,Kauniainen,31,AK,VR,VO,2020
1105,92,Vantaa,3,AP,VR,VO,2020
890,91,Helsinki,1,AP,VR,VO,2020
258,49,Espoo,1,AP,VR,VO,2020
1809,543,Nurmijarvi,2,AP,VR,VO,2020
2026,858,Tuusula,1,AP,VR,VO,2020
13,49,Espoo,41,AK,ARA,LK,2020
1151,92,Vantaa,1,AP,VR,VO,2020
1750,543,Nurmijarvi,1,AP,VR,VO,2020
442,49,Espoo,1,AP,VR,VO,2020
2025,858,Tuusula,1,AP,VR,VO,2020
200,49,Espoo,1,AP,VR,VO,2020
507,91,Helsinki,1,AP,VR,VO,2020
1091,92,Vantaa,2,AP,VR,VO,2020
1978,858,Tuusula,1,AP,VR,VO,2020
1999,858,Tuusula,1,AP,VR,VO,2020
136,49,Espoo,1,AP,VR,VO,2020
1927,753,Sipoo,1,AP,VR,VO,2020
195,49,Espoo,1,AP,VR,VO,2020
1958,858,Tuusula,1,AP,VR,VO,2020
107,49,Espoo,2,AP,VR,VO,2020
819,91,Helsinki,1,AP,VR,VO,2020
1902,753,Sipoo,1,AP,VR,VO,2020
1391,235,Kauniainen,1,AP,VR,VO,2020
464,49,Espoo,1,AP,VR,VO,2020
1709,505,Mantsala,4,AK,VR,VO,2020
110,49,Espoo,1,AP,VR,VO,2020
1033,92,Vantaa,1,AP,VR,VO,2020
1166,92,Vantaa,45,AK,VR,VV,2020
1223,92,Vantaa,1,AP,VR,VO,2020
1705,505,Mantsala,1,AP,VR,VO,2020
384,49,Espoo,2,AP,VR,VO,2020
436,49,Espoo,1,AP,VR,VO,2020
1743,505,Mantsala,2,AP,VR,VO,2020
599,91,Helsinki,40,AK,VR,VO,2020
191,49,Espoo,1,AP,VR,VO,2020
47,49,Espoo,36,AK,ARA,LK,2020
600,91,Helsinki,49,AK,VR,VO,2020
1182,92,Vantaa,60,AK,VR,VO,2020
804,91,Helsinki,5,AP,VR,VO,2020
76,49,Espoo,1,AP,VR,VO,2020
106,49,Espoo,1,AP,VR,VO,2020
684,91,Helsinki,2,AP,VR,VO,2020
917,91,Helsinki,2,AP,VR,VO,2020
1374,92,Vantaa,1,AP,VR,VO,2020
96,49,Espoo,2,AP,VR,VO,2020
525,91,Helsinki,2,AP,VR,VO,2020
395,49,Espoo,1,AP,VR,VO,2020
798,91,Helsinki,1,AP,VR,VO,2020
133,49,Espoo,1,AP,VR,VO,2020
1739,505,Mantsala,1,AP,VR,VO,2020
1278,92,Vantaa,2,AP,VR,VO,2020
1164,92,Vantaa,6,AP,VR,VO,2020
1617,245,Kerava,1,AP,VR,VO,2020
282,49,Espoo,2,AP,VR,VO,2020
2027,858,Tuusula,1,AP,VR,VO,2020
1543,186,Jarvenpaa,1,AP,VR,VO,2020
1861,753,Sipoo,1,AP,VR,VO,2020
499,49,Espoo,1,AP,VR,VO,2020
480,49,Espoo,1,AP,VR,VO,2020
1830,543,Nurmijarvi,5,AP,VR,VO,2020
253,49,Espoo,1,AP,VR,VO,2020
810,91,Helsinki,1,AP,VR,VO,2020
713,91,Helsinki,2,AP,VR,VO,2020
1812,543,Nurmijarvi,2,AP,VR,VO,2020
1208,92,Vantaa,2,AP,VR,VO,2020
1181,92,Vantaa,1,AP,VR,VO,2020
1221,92,Vantaa,1,AP,VR,VO,2020
762,91,Helsinki,57,AK,VR,VO,2020
18,49,Espoo,81,AK,VR,VO,2020
1654,257,Kirkkonummi,15,AP,ARA,ER,2020
1540,186,Jarvenpaa,1,AP,VR,VO,2020
590,91,Helsinki,81,AK,ARA,ER,2020
1980,858,Tuusula,1,AP,VR,VO,2020
1759,543,Nurmijarvi,1,AP,VR,VO,2020
1130,92,Vantaa,1,AP,VR,VO,2020
1082,92,Vantaa,2,AP,VR,VO,2020
2097,927,Vihti,1,AP,VR,VO,2020
140,49,Espoo,2,AP,VR,VO,2020
1952,858,Tuusula,2,AP,VR,VO,2020
207,49,Espoo,4,AP,VR,VO,2020
1077,92,Vantaa,2,AP,VR,VO,2020
1561,186,Jarvenpaa,60,AK,VR,VO,2020
957,91,Helsinki,1,AK,VR,VO,2020
489,49,Espoo,1,AP,VR,VO,2020
463,49,Espoo,1,AP,VR,VO,2020
1378,92,Vantaa,2,AP,VR,VO,2020
885,91,Helsinki,1,AP,VR,VO,2020
1598,245,Kerava,1,AP,VR,VO,2020
1303,92,Vantaa,1,AP,VR,VO,2020
2095,927,Vihti,1,AP,VR,VO,2020
801,91,Helsinki,2,AP,VR,VO,2020
803,91,Helsinki,5,AP,VR,VO,2020
823,91,Helsinki,1,AP,VR,VO,2020
1630,257,Kirkkonummi,1,AP,VR,VO,2020
123,49,Espoo,1,AP,VR,VO,2020
1188,92,Vantaa,1,AP,VR,VO,2020
1847,543,Nurmijarvi,1,AP,VR,VO,2020
2071,858,Tuusula,2,AP,VR,VO,2020
718,91,Helsinki,1,AP,VR,VO,2020
891,91,Helsinki,1,AP,VR,VO,2020
1575,186,Jarvenpaa,18,AK,VR,VO,2020
459,49,Espoo,2,AP,VR,VO,2020
687,91,Helsinki,4,AP,ASO,ASO,2020
2082,858,Tuusula,1,AP,VR,VO,2020
488,49,Espoo,1,AP,VR,VO,2020
1211,92,Vantaa,2,AP,VR,VO,2020
263,49,Espoo,1,AP,VR,VO,2020
519,91,Helsinki,2,AP,VR,VO,2020
1678,257,Kirkkonummi,1,AP,VR,VO,2020
1150,92,Vantaa,2,AP,VR,VO,2020
1140,92,Vantaa,2,AP,VR,VO,2020
193,49,Espoo,4,AP,VR,VO,2020
1915,753,Sipoo,1,AP,VR,VO,2020
1458,186,Jarvenpaa,42,AK,VR,VO,2020
135,49,Espoo,1,AP,VR,VO,2020
1255,92,Vantaa,1,AP,VR,VO,2020
776,91,Helsinki,2,AP,VR,VO,2020
656,91,Helsinki,1,AP,VR,VO,2020
994,91,Helsinki,1,AP,VR,VO,2020
1395,235,Kauniainen,1,AP,VR,VO,2020
28,49,Espoo,84,AK,VR,VO,2020
165,49,Espoo,2,AP,VR,VO,2020
1562,186,Jarvenpaa,15,AK,VR,VO,2020
1832,543,Nurmijarvi,3,AP,VR,VO,2020
1016,91,Helsinki,1,AK,VR,VO,2020
1522,186,Jarvenpaa,1,AP,VR,VO,2020
867,91,Helsinki,4,AP,VR,VO,2020
41,49,Espoo,47,AK,ARA,LK,2020
390,49,Espoo,1,AP,VR,VO,2020
887,91,Helsinki,1,AP,VR,VO,2020
862,91,Helsinki,2,AP,VR,VO,2020
1127,92,Vantaa,1,AP,VR,VO,2020
1073,92,Vantaa,2,AP,VR,VO,2020
1851,543,Nurmijarvi,1,AP,VR,VO,2020
356,49,Espoo,2,AP,VR,VO,2020
429,49,Espoo,1,AP,VR,VO,2020
1233,92,Vantaa,1,AP,VR,VO,2020
371,49,Espoo,2,AP,VR,VO,2020
1689,257,Kirkkonummi,2,AP,VR,VO,2020
1160,92,Vantaa,2,AP,VR,VO,2020
223,49,Espoo,1,AP,VR,VO,2020
605,91,Helsinki,1,AP,VR,VO,2020
17,49,Espoo,57,AK,VR,VO,2020
1379,92,Vantaa,1,AP,VR,VO,2020
1251,92,Vantaa,29,AK,VR,VO,2020
1141,92,Vantaa,1,AP,VR,VO,2020
1463,186,Jarvenpaa,1,AP,VR,VO,2020
815,91,Helsinki,1,AP,VR,VO,2020
306,49,Espoo,1,AP,VR,VO,2020
1349,92,Vantaa,1,AP,VR,VO,2020
1341,92,Vantaa,2,AP,VR,VO,2020
1205,92,Vantaa,1,AP,VR,VO,2020
1949,858,Tuusula,1,AP,VR,VO,2020
1518,186,Jarvenpaa,3,AP,VR,VO,2020
24,49,Espoo,51,AK,VR,VO,2020
942,91,Helsinki,7,AK,VR,VO,2020
864,91,Helsinki,1,AP,VR,VO,2020
2105,927,Vihti,1,AP,VR,VO,2020
1789,543,Nurmijarvi,1,AP,VR,VO,2020
348,49,Espoo,1,AP,VR,VO,2020
1669,257,Kirkkonummi,1,AP,VR,VO,2020
939,91,Helsinki,7,AK,VR,VO,2020
38,49,Espoo,75,AK,VR,VV,2020
1646,257,Kirkkonummi,1,AP,VR,VO,2020
1483,186,Jarvenpaa,2,AP,VR,VO,2020
1551,186,Jarvenpaa,2,AP,VR,VO,2020
1476,186,Jarvenpaa,6,AP,VR,VO,2020
245,49,Espoo,1,AP,VR,VO,2020
1322,92,Vantaa,2,AP,VR,VO,2020
1568,186,Jarvenpaa,10,AK,VR,VO,2020
54,49,Espoo,31,AP,VR,VO,2020
1627,257,Kirkkonummi,1,AP,VR,VO,2020
1176,92,Vantaa,53,AK,ASO,ASO,2020
209,49,Espoo,1,AP,VR,VO,2020
1361,92,Vantaa,1,AP,VR,VO,2020
1138,92,Vantaa,2,AP,VR,VO,2020
797,91,Helsinki,1,AP,VR,VO,2020
368,49,Espoo,1,AP,VR,VO,2020
1145,92,Vantaa,2,AP,VR,VO,2020
58,49,Espoo,73,AK,VR,VO,2020
495,49,Espoo,1,AP,VR,VO,2020
778,91,Helsinki,1,AP,VR,VO,2020
2040,858,Tuusula,1,AP,VR,VO,2020
365,49,Espoo,1,AP,VR,VO,2020
842,91,Helsinki,1,AP,VR,VO,2020
1495,186,Jarvenpaa,1,AP,VR,VO,2020
1365,92,Vantaa,1,AP,VR,VO,2020
2142,927,Vihti,1,AP,VR,VO,2020
186,49,Espoo,1,AP,VR,VO,2020
231,49,Espoo,1,AP,VR,VO,2020
795,91,Helsinki,1,AP,VR,VO,2020
1259,92,Vantaa,14,AK,VR,VO,2020
387,49,Espoo,1,AP,VR,VO,2020
1003,91,Helsinki,1,AK,VR,VO,2020
514,91,Helsinki,2,AP,VR,VO,2020
721,91,Helsinki,22,AK,VR,VO,2020
178,49,Espoo,2,AP,VR,VO,2020
1718,505,Mantsala,2,AP,VR,VO,2020
669,91,Helsinki,46,AK,VR,VO,2020
1292,92,Vantaa,1,AP,VR,VO,2020
1155,92,Vantaa,41,AK,VR,VO,2020
72,49,Espoo,1,AP,VR,VO,2020
1865,753,Sipoo,1,AP,VR,VO,2020
1621,257,Kirkkonummi,1,AP,VR,VO,2020
392,49,Espoo,2,AP,VR,VO,2020
456,49,Espoo,1,AP,VR,VO,2020
1461,186,Jarvenpaa,1,AP,VR,VO,2020
998,91,Helsinki,1,AK,VR,VO,2020
302,49,Espoo,1,AP,VR,VO,2020
1430,106,Hyvinkaa,8,AK,VR,VO,2020
1050,92,Vantaa,1,AP,VR,VO,2020
1044,92,Vantaa,150,AK,VR,VO,2020
1247,92,Vantaa,70,AK,VR,VO,2020
569,91,Helsinki,96,AK,VR,VV,2020
551,91,Helsinki,2,AP,VR,VO,2020
723,91,Helsinki,22,AK,VR,VO,2020
1940,753,Sipoo,1,AP,VR,VO,2020
198,49,Espoo,1,AP,VR,VO,2020
2000,858,Tuusula,5,AP,VR,VO,2020
1163,92,Vantaa,1,AP,VR,VO,2020
324,49,Espoo,1,AP,VR,VO,2020
173,49,Espoo,2,AP,VR,VO,2020
543,91,Helsinki,14,AK,ASO,ASO,2020
1682,257,Kirkkonummi,1,AP,VR,VO,2020
407,49,Espoo,1,AP,VR,VO,2020
1409,106,Hyvinkaa,1,AP,VR,VO,2020
476,49,Espoo,7,AP,VR,VO,2020
1557,186,Jarvenpaa,56,AK,ARA,PK,2020
953,91,Helsinki,6,AK,VR,VO,2020
1798,543,Nurmijarvi,1,AP,VR,VO,2020
1541,186,Jarvenpaa,1,AP,VR,VO,2020
1059,92,Vantaa,1,AP,VR,VO,2020
2052,858,Tuusula,1,AP,VR,VO,2020
1520,186,Jarvenpaa,1,AP,VR,VO,2020
579,91,Helsinki,5,AP,ASO,ASO,2020
1810,543,Nurmijarvi,2,AP,VR,VO,2020
1051,92,Vantaa,2,AP,VR,VO,2020
224,49,Espoo,1,AP,VR,VO,2020
1268,92,Vantaa,2,AP,VR,VO,2020
974,91,Helsinki,1,AK,VR,VO,2020
295,49,Espoo,2,AP,VR,VO,2020
552,91,Helsinki,1,AP,VR,VO,2020
361,49,Espoo,2,AP,VR,VO,2020
2123,927,Vihti,1,AP,VR,VO,2020
1469,186,Jarvenpaa,1,AP,VR,VO,2020
32,49,Espoo,42,AK,VR,VV,2020
1480,186,Jarvenpaa,4,AP,VR,VO,2020
121,49,Espoo,1,AP,VR,VO,2020
1375,92,Vantaa,1,AP,VR,VO,2020
868,91,Helsinki,1,AP,VR,VO,2020
1887,753,Sipoo,2,AP,VR,VO,2020
380,49,Espoo,1,AP,VR,VO,2020
1093,92,Vantaa,1,AP,VR,VO,2020
1711,505,Mantsala,1,AP,VR,VO,2020
296,49,Espoo,1,AP,VR,VO,2020
260,49,Espoo,1,AP,VR,VO,2020
1196,92,Vantaa,1,AP,VR,VO,2020
985,91,Helsinki,1,AK,VR,VO,2020
1811,543,Nurmijarvi,2,AP,VR,VO,2020
62,49,Espoo,11,AP,VR,VO,2020
431,49,Espoo,1,AP,VR,VO,2020
1086,92,Vantaa,1,AP,VR,VO,2020
892,91,Helsinki,2,AP,VR,VO,2020
1767,543,Nurmijarvi,1,AP,VR,VO,2020
692,91,Helsinki,2,AP,VR,VO,2020
1553,186,Jarvenpaa,2,AP,VR,VO,2020
1056,92,Vantaa,1,AP,VR,VO,2020
900,91,Helsinki,1,AP,VR,VO,2020
185,49,Espoo,1,AP,VR,VO,2020
696,91,Helsinki,1,AP,VR,VO,2020
1299,92,Vantaa,1,AP,VR,VO,2020
1537,186,Jarvenpaa,1,AP,VR,VO,2020
1088,92,Vantaa,2,AP,VR,VO,2020
816,91,Helsinki,1,AP,VR,VO,2020
1854,543,Nurmijarvi,37,AK,ARA,PK,2020
2152,927,Vihti,6,AP,VR,VV,2020
334,49,Espoo,1,AP,VR,VO,2020
1516,186,Jarvenpaa,3,AP,VR,VO,2020
1038,92,Vantaa,2,AP,VR,VO,2020
34,49,Espoo,20,AK,VR,VO,2020
20,49,Espoo,80,AK,VR,VO,2020
1490,186,Jarvenpaa,2,AP,VR,VO,2020
1467,186,Jarvenpaa,1,AP,VR,VO,2020
1200,92,Vantaa,1,AP,VR,VO,2020
753,91,Helsinki,14,AK,ARA,LK,2020
1173,92,Vantaa,1,AP,VR,VO,2020
1560,186,Jarvenpaa,47,AK,VR,VO,2020
1835,543,Nurmijarvi,6,AP,VR,VO,2020
1143,92,Vantaa,2,AP,VR,VO,2020
866,91,Helsinki,1,AP,VR,VO,2020
853,91,Helsinki,3,AP,VR,VO,2020
1118,92,Vantaa,1,AP,VR,VO,2020
1036,92,Vantaa,2,AP,VR,VO,2020
598,91,Helsinki,56,AK,VR,VV,2020
1609,245,Kerava,1,AP,VR,VO,2020
501,49,Espoo,1,AP,VR,VO,2020
217,49,Espoo,1,AP,VR,VO,2020
1774,543,Nurmijarvi,1,AP,VR,VO,2020
746,91,Helsinki,1,AP,VR,VO,2020
613,91,Helsinki,2,AP,VR,VO,2020
49,49,Espoo,34,AP,VR,VV,2020
828,91,Helsinki,9,AP,VR,VO,2020
1779,543,Nurmijarvi,1,AP,VR,VO,2020
520,91,Helsinki,6,AP,VR,VO,2020
100,49,Espoo,1,AP,VR,VO,2020
1943,753,Sipoo,1,AP,VR,VO,2020
1222,92,Vantaa,34,AK,VR,VO,2020
852,91,Helsinki,1,AP,VR,VO,2020
639,91,Helsinki,4,AP,VR,VO,2020
988,91,Helsinki,89,AK,VR,VV,2020
1599,245,Kerava,2,AP,VR,VO,2020
2024,858,Tuusula,2,AP,VR,VO,2020
509,91,Helsinki,27,AK,VR,VO,2020
1749,543,Nurmijarvi,1,AP,VR,VO,2020
965,91,Helsinki,3,AK,VR,VO,2020
1308,92,Vantaa,1,AP,VR,VO,2020
1882,753,Sipoo,6,AK,ARA,PK,2020
734,91,Helsinki,49,AK,VR,VV,2020
1420,106,Hyvinkaa,9,AP,VR,VO,2020
706,91,Helsinki,62,AK,VR,VV,2020
1608,245,Kerava,1,AP,VR,VO,2020
708,91,Helsinki,12,AP,VR,VO,2020
163,49,Espoo,2,AP,VR,VO,2020
1726,505,Mantsala,2,AP,VR,VO,2020
826,91,Helsinki,1,AP,VR,VO,2020
151,49,Espoo,1,AP,VR,VO,2020
1808,543,Nurmijarvi,2,AP,VR,VO,2020
1648,257,Kirkkonummi,28,AK,VR,VV,2020
313,49,Espoo,1,AP,VR,VO,2020
817,91,Helsinki,1,AP,VR,VO,2020
187,49,Espoo,2,AP,VR,VO,2020
57,49,Espoo,45,AP,VR,VO,2020
286,49,Espoo,1,AP,VR,VO,2020
1600,245,Kerava,1,AP,VR,VO,2020
1792,543,Nurmijarvi,1,AP,VR,VO,2020
2084,858,Tuusula,1,AP,VR,VO,2020
784,91,Helsinki,14,AK,VR,VO,2020
33,49,Espoo,35,AK,VR,VV,2020
1651,257,Kirkkonummi,1,AP,VR,VO,2020
964,91,Helsinki,1,AK,VR,VO,2020
1284,92,Vantaa,1,AP,VR,VO,2020
1007,91,Helsinki,1,AK,VR,VO,2020
413,49,Espoo,1,AP,VR,VO,2020
1817,543,Nurmijarvi,2,AP,VR,VO,2020
909,91,Helsinki,1,AP,VR,VO,2020
935,91,Helsinki,2,AP,VR,VO,2020
2102,927,Vihti,1,AP,VR,VO,2020
2047,858,Tuusula,1,AP,VR,VO,2020
858,91,Helsinki,1,AP,VR,VO,2020
1690,257,Kirkkonummi,5,AP,VR,VO,2020
575,91,Helsinki,15,AK,ARA,PK,2020
648,91,Helsinki,1,AP,VR,VO,2020
1886,753,Sipoo,2,AP,VR,VO,2020
1123,92,Vantaa,1,AP,VR,VO,2020
2017,858,Tuusula,1,AP,VR,VO,2020
1321,92,Vantaa,2,AP,VR,VO,2020
712,91,Helsinki,81,AK,VR,VO,2020
1574,186,Jarvenpaa,49,AK,VR,VO,2020
1616,245,Kerava,1,AP,VR,VO,2020
561,91,Helsinki,17,AK,VR,VO,2020
893,91,Helsinki,1,AP,VR,VO,2020
241,49,Espoo,1,AP,VR,VO,2020
320,49,Espoo,1,AP,VR,VO,2020
249,49,Espoo,1,AP,VR,VO,2020
2063,858,Tuusula,7,AK,VR,VO,2020
1754,543,Nurmijarvi,1,AP,VR,VO,2020
2048,858,Tuusula,1,AP,VR,VO,2020
1696,257,Kirkkonummi,12,AK,VR,VO,2020
649,91,Helsinki,1,AP,VR,VO,2020
484,49,Espoo,1,AP,VR,VO,2020
1441,106,Hyvinkaa,1,AP,VR,VO,2020
1108,92,Vantaa,2,AP,VR,VO,2020
1227,92,Vantaa,27,AK,VR,VO,2020
1136,92,Vantaa,2,AP,VR,VO,2020
308,49,Espoo,1,AP,VR,VO,2020
1850,543,Nurmijarvi,1,AP,VR,VO,2020
759,91,Helsinki,5,AP,VR,VO,2020
982,91,Helsinki,4,AK,VR,VO,2020
918,91,Helsinki,2,AP,VR,VO,2020
483,49,Espoo,1,AP,VR,VO,2020
838,91,Helsinki,1,AP,VR,VO,2020
2039,858,Tuusula,1,AP,VR,VO,2020
799,91,Helsinki,1,AP,VR,VO,2020
268,49,Espoo,2,AP,VR,VO,2020
318,49,Espoo,1,AP,VR,VO,2020
1624,257,Kirkkonummi,1,AP,VR,VO,2020
1139,92,Vantaa,2,AP,VR,VO,2020
1525,186,Jarvenpaa,1,AP,VR,VO,2020
640,91,Helsinki,79,AK,VR,VV,2020
285,49,Espoo,1,AP,VR,VO,2020
1258,92,Vantaa,1,AP,VR,VO,2020
1096,92,Vantaa,76,AK,VR,VV,2020
756,91,Helsinki,7,AP,VR,VO,2020
2004,858,Tuusula,1,AP,VR,VO,2020
1301,92,Vantaa,1,AP,VR,VO,2020
401,49,Espoo,2,AP,VR,VO,2020
981,91,Helsinki,1,AK,VR,VO,2020
497,49,Espoo,1,AP,VR,VO,2020
992,91,Helsinki,1,AK,VR,VO,2020
1671,257,Kirkkonummi,1,AP,VR,VO,2020
1040,92,Vantaa,1,AP,VR,VO,2020
1794,543,Nurmijarvi,1,AP,VR,VO,2020
652,91,Helsinki,105,AK,ARA,PK,2020
1340,92,Vantaa,2,AP,VR,VO,2020
1907,753,Sipoo,1,AP,VR,VO,2020
1104,92,Vantaa,3,AP,VR,VO,2020
1546,186,Jarvenpaa,1,AP,VR,VO,2020
2061,858,Tuusula,7,AP,VR,VO,2020
1351,92,Vantaa,2,AP,VR,VO,2020
642,91,Helsinki,39,AK,ARA,PK,2020
570,91,Helsinki,11,AP,VR,VO,2020
1390,235,Kauniainen,4,AK,VR,VO,2020
2019,858,Tuusula,1,AP,VR,VO,2020
1380,235,Kauniainen,1,AP,VR,VO,2020
1840,543,Nurmijarvi,37,AK,ARA,PK,2020
1231,92,Vantaa,1,AP,VR,VO,2020
1332,92,Vantaa,38,AK,ARA,LK,2020
860,91,Helsinki,1,AP,VR,VO,2020
1833,543,Nurmijarvi,3,AP,VR,VO,2020
2103,927,Vihti,1,AP,VR,VO,2020
216,49,Espoo,1,AP,VR,VO,2020
1092,92,Vantaa,1,AP,VR,VO,2020
1346,92,Vantaa,2,AP,VR,VO,2020
212,49,Espoo,1,AP,VR,VO,2020
1580,245,Kerava,1,AP,VR,VO,2020
835,91,Helsinki,1,AP,VR,VO,2020
114,49,Espoo,1,AP,VR,VO,2020
440,49,Espoo,1,AP,VR,VO,2020
775,91,Helsinki,72,AK,VR,VO,2020
246,49,Espoo,1,AP,VR,VO,2020
1773,543,Nurmijarvi,1,AP,VR,VO,2020
876,91,Helsinki,1,AP,VR,VO,2020
1825,543,Nurmijarvi,9,AP,VR,VO,2020
172,49,Espoo,2,AP,VR,VO,2020
222,49,Espoo,1,AP,VR,VO,2020
1763,543,Nurmijarvi,1,AP,VR,VO,2020
1896,753,Sipoo,1,AP,VR,VO,2020
1507,186,Jarvenpaa,1,AP,VR,VO,2020
2136,927,Vihti,1,AP,VR,VO,2020
1934,753,Sipoo,1,AP,VR,VO,2020
104,49,Espoo,1,AP,VR,VO,2020
498,49,Espoo,1,AP,VR,VO,2020
1966,858,Tuusula,1,AP,VR,VO,2020
737,91,Helsinki,2,AP,VR,VO,2020
125,49,Espoo,1,AP,VR,VO,2020
1276,92,Vantaa,6,AP,VR,VO,2020
420,49,Espoo,6,AP,VR,VO,2020
1595,245,Kerava,1,AP,VR,VO,2020
1089,92,Vantaa,1,AP,VR,VO,2020
1426,106,Hyvinkaa,39,AK,VR,VO,2020
1972,858,Tuusula,15,AP,ARA,ER,2020
1846,543,Nurmijarvi,1,AP,VR,VO,2020
1407,106,Hyvinkaa,1,AP,VR,VO,2020
1644,257,Kirkkonummi,1,AP,VR,VO,2020
1262,92,Vantaa,18,AK,VR,VO,2020
717,91,Helsinki,1,AP,VR,VO,2020
794,91,Helsinki,30,AK,VR,VO,2020
228,49,Espoo,1,AP,VR,VO,2020
802,91,Helsinki,5,AP,VR,VO,2020
619,91,Helsinki,22,AK,VR,VO,2020
12,49,Espoo,71,AK,VR,VV,2020
367,49,Espoo,2,AP,VR,VO,2020
350,49,Espoo,1,AP,VR,VO,2020
67,49,Espoo,1,AP,VR,VO,2020
1564,186,Jarvenpaa,5,AK,VR,VO,2020
1471,186,Jarvenpaa,2,AP,VR,VO,2020
582,91,Helsinki,8,AP,ARA,PK,2020
628,91,Helsinki,62,AK,VR,VO,2020
832,91,Helsinki,1,AP,VR,VO,2020
617,91,Helsinki,1,AP,VR,VO,2020
1031,92,Vantaa,126,AK,VR,VV,2020
833,91,Helsinki,1,AP,VR,VO,2020
1501,186,Jarvenpaa,1,AP,VR,VO,2020
1174,92,Vantaa,1,AP,VR,VO,2020
1014,91,Helsinki,1,AK,VR,VO,2020
902,91,Helsinki,1,AP,VR,VO,2020
1849,543,Nurmijarvi,1,AP,VR,VO,2020
906,91,Helsinki,1,AP,VR,VO,2020
1197,92,Vantaa,1,AP,VR,VO,2020
267,49,Espoo,1,AP,VR,VO,2020
1674,257,Kirkkonummi,1,AP,VR,VO,2020
1313,92,Vantaa,2,AP,VR,VO,2020
644,91,Helsinki,50,AK,VR,VO,2020
511,91,Helsinki,1,AP,VR,VO,2020
236,49,Espoo,1,AP,VR,VO,2020
2014,858,Tuusula,1,AP,VR,VO,2020
1866,753,Sipoo,1,AP,VR,VO,2020
1026,92,Vantaa,1,AP,VR,VO,2020
1712,505,Mantsala,1,AP,VR,VO,2020
592,91,Helsinki,33,AK,ASO,ASO,2020
1456,186,Jarvenpaa,40,AK,ASO,ASO,2020
1970,858,Tuusula,1,AP,VR,VO,2020
482,49,Espoo,1,AP,VR,VO,2020
1675,257,Kirkkonummi,1,AP,VR,VO,2020
1080,92,Vantaa,1,AP,VR,VO,2020
1542,186,Jarvenpaa,1,AP,VR,VO,2020
194,49,Espoo,1,AP,VR,VO,2020
560,91,Helsinki,18,AK,VR,VO,2020
445,49,Espoo,1,AP,VR,VO,2020
1385,235,Kauniainen,53,AK,VR,VO,2020
1590,245,Kerava,1,AP,VR,VO,2020
1914,753,Sipoo,1,AP,VR,VO,2020
2125,927,Vihti,1,AP,VR,VO,2020
1783,543,Nurmijarvi,1,AP,VR,VO,2020
2033,858,Tuusula,1,AP,VR,VO,2020
1120,92,Vantaa,1,AP,VR,VO,2020
1438,106,Hyvinkaa,1,AP,VR,VO,2020
211,49,Espoo,1,AP,VR,VO,2020
627,91,Helsinki,22,AK,VR,VO,2020
961,91,Helsinki,1,AK,VR,VO,2020
752,91,Helsinki,11,AK,ARA,LK,2020
492,49,Espoo,1,AP,VR,VO,2020
1662,257,Kirkkonummi,1,AP,VR,VO,2020
1447,106,Hyvinkaa,1,AP,VR,VO,2020
1115,92,Vantaa,1,AP,VR,VO,2020
894,91,Helsinki,1,AP,VR,VO,2020
425,49,Espoo,1,AP,VR,VO,2020
2006,858,Tuusula,6,AP,VR,VO,2020
1519,186,Jarvenpaa,2,AP,VR,VO,2020
215,49,Espoo,1,AP,VR,VO,2020
1898,753,Sipoo,1,AP,VR,VO,2020
131,49,Espoo,2,AP,VR,VO,2020
1333,92,Vantaa,93,AK,VR,VO,2020
1979,858,Tuusula,1,AP,VR,VO,2020
1765,543,Nurmijarvi,1,AP,VR,VO,2020
2126,927,Vihti,1,AP,VR,VO,2020
1493,186,Jarvenpaa,1,AP,VR,VO,2020
790,91,Helsinki,1,AP,VR,VO,2020
2146,927,Vihti,1,AP,VR,VO,2020
1177,92,Vantaa,37,AK,ASO,ASO,2020
1248,92,Vantaa,1,AP,VR,VO,2020
544,91,Helsinki,22,AK,ASO,ASO,2020
294,49,Espoo,1,AP,VR,VO,2020
577,91,Helsinki,1,AP,VR,VO,2020
95,49,Espoo,1,AP,VR,VO,2020
130,49,Espoo,2,AP,VR,VO,2020
550,91,Helsinki,1,AP,VR,VO,2020
402,49,Espoo,2,AP,VR,VO,2020
1946,858,Tuusula,1,AP,VR,VO,2020
1135,92,Vantaa,1,AP,VR,VO,2020
1762,543,Nurmijarvi,1,AP,VR,VO,2020
239,49,Espoo,2,AP,VR,VO,2020
1622,257,Kirkkonummi,1,AP,VR,VO,2020
36,49,Espoo,20,AK,VR,VO,2020
162,49,Espoo,1,AP,VR,VO,2020
1806,543,Nurmijarvi,2,AP,VR,VO,2020
722,91,Helsinki,22,AK,VR,VO,2020
694,91,Helsinki,2,AP,VR,VO,2020
75,49,Espoo,1,AP,VR,VO,2020
262,49,Espoo,1,AP,VR,VO,2020
673,91,Helsinki,40,AK,VR,VO,2020
1672,257,Kirkkonummi,1,AP,VR,VO,2020
2072,858,Tuusula,1,AP,VR,VO,2020
626,91,Helsinki,1,AP,VR,VO,2020
1416,106,Hyvinkaa,2,AP,VR,VO,2020
176,49,Espoo,2,AP,VR,VO,2020
221,49,Espoo,1,AP,VR,VO,2020
936,91,Helsinki,1,AP,VR,VO,2020
2016,858,Tuusula,1,AP,VR,VO,2020
1694,257,Kirkkonummi,5,AP,VR,VO,2020
1376,92,Vantaa,1,AP,VR,VO,2020
1642,257,Kirkkonummi,1,AP,VR,VO,2020
271,49,Espoo,1,AP,VR,VO,2020
1839,543,Nurmijarvi,36,AK,ARA,PK,2020
51,49,Espoo,14,AP,VR,VO,2020
1316,92,Vantaa,2,AP,VR,VO,2020
1328,92,Vantaa,34,AK,VR,VO,2020
87,49,Espoo,1,AP,VR,VO,2020
154,49,Espoo,1,AP,VR,VO,2020
1971,858,Tuusula,1,AP,VR,VO,2020
859,91,Helsinki,4,AP,VR,VO,2020
2021,858,Tuusula,1,AP,VR,VO,2020
177,49,Espoo,2,AP,VR,VO,2020
2100,927,Vihti,1,AP,VR,VO,2020
336,49,Espoo,1,AP,VR,VO,2020
1799,543,Nurmijarvi,1,AP,VR,VO,2020
149,49,Espoo,1,AP,VR,VO,2020
1368,92,Vantaa,2,AP,VR,VO,2020
1931,753,Sipoo,1,AP,VR,VO,2020
103,49,Espoo,1,AP,VR,VO,2020
634,91,Helsinki,106,AK,VR,VO,2020
1892,753,Sipoo,1,AP,VR,VO,2020
1459,186,Jarvenpaa,39,AK,VR,VO,2020
638,91,Helsinki,4,AP,VR,VO,2020
530,91,Helsinki,7,AP,ASO,ASO,2020
1250,92,Vantaa,1,AP,VR,VO,2020
899,91,Helsinki,1,AP,VR,VO,2020
150,49,Espoo,1,AP,VR,VO,2020
1113,92,Vantaa,1,AP,VR,VO,2020
521,91,Helsinki,1,AP,VR,VO,2020
1795,543,Nurmijarvi,1,AP,VR,VO,2020
404,49,Espoo,1,AP,VR,VO,2020
2089,858,Tuusula,2,AP,VR,VO,2020
432,49,Espoo,1,AP,VR,VO,2020
1263,92,Vantaa,14,AK,VR,VO,2020
573,91,Helsinki,15,AP,ARA,PK,2020
1216,92,Vantaa,1,AP,VR,VO,2020
676,91,Helsinki,2,AP,VR,VO,2020
1382,235,Kauniainen,12,AK,VR,VO,2020
1400,235,Kauniainen,1,AP,VR,VO,2020
289,49,Espoo,1,AP,VR,VO,2020
586,91,Helsinki,18,AK,ASO,ASO,2020
2091,858,Tuusula,1,AP,VR,VO,2020
1242,92,Vantaa,70,AK,VR,VV,2020
726,91,Helsinki,65,AK,VR,VV,2020
889,91,Helsinki,2,AP,VR,VO,2020
423,49,Espoo,1,AP,VR,VO,2020
1217,92,Vantaa,1,AP,VR,VO,2020
1961,858,Tuusula,1,AP,VR,VO,2020
1628,257,Kirkkonummi,1,AP,VR,VO,2020
1921,753,Sipoo,1,AP,VR,VO,2020
1741,505,Mantsala,1,AP,VR,VO,2020
1203,92,Vantaa,1,AP,VR,VO,2020
2149,927,Vihti,2,AP,VR,VO,2020
142,49,Espoo,2,AP,VR,VO,2020
1703,505,Mantsala,1,AP,VR,VO,2020
1953,858,Tuusula,1,AP,VR,VO,2020
1034,92,Vantaa,1,AP,VR,VO,2020
840,91,Helsinki,1,AP,VR,VO,2020
693,91,Helsinki,2,AP,VR,VO,2020
1440,106,Hyvinkaa,1,AP,VR,VO,2020
218,49,Espoo,1,AP,VR,VO,2020
503,91,Helsinki,80,AK,VR,VV,2020
1691,257,Kirkkonummi,3,AP,VR,VO,2020
740,91,Helsinki,1,AP,VR,VO,2020
338,49,Espoo,1,AP,VR,VO,2020
848,91,Helsinki,2,AP,VR,VO,2020
1464,186,Jarvenpaa,2,AP,VR,VO,2020
1567,186,Jarvenpaa,9,AK,VR,VO,2020
1868,753,Sipoo,1,AP,VR,VO,2020
1744,505,Mantsala,2,AP,VR,VO,2020
23,49,Espoo,30,AK,VR,VO,2020
591,91,Helsinki,35,AK,ASO,ASO,2020
2124,927,Vihti,1,AP,VR,VO,2020
1686,257,Kirkkonummi,1,AP,VR,VO,2020
1900,753,Sipoo,1,AP,VR,VO,2020
657,91,Helsinki,2,AP,VR,VO,2020
337,49,Espoo,1,AP,VR,VO,2020
907,91,Helsinki,1,AP,VR,VO,2020
720,91,Helsinki,1,AP,VR,VO,2020
760,91,Helsinki,4,AP,VR,VO,2020
611,91,Helsinki,2,AP,VR,VO,2020
1311,92,Vantaa,2,AP,VR,VO,2020
1503,186,Jarvenpaa,1,AP,VR,VO,2020
2067,858,Tuusula,1,AP,VR,VO,2020
1948,858,Tuusula,1,AP,VR,VO,2020
658,91,Helsinki,30,AK,VR,VO,2020
698,91,Helsinki,2,AP,VR,VO,2020
1170,92,Vantaa,1,AP,VR,VO,2020
574,91,Helsinki,56,AK,ARA,PK,2020
1478,186,Jarvenpaa,1,AP,VR,VO,2020
768,91,Helsinki,1,AP,VR,VO,2020
119,49,Espoo,1,AP,VR,VO,2020
1594,245,Kerava,1,AP,VR,VO,2020
967,91,Helsinki,1,AK,VR,VO,2020
2046,858,Tuusula,2,AP,VR,VO,2020
355,49,Espoo,1,AP,VR,VO,2020
2001,858,Tuusula,2,AP,VR,VO,2020
620,91,Helsinki,44,AK,VR,VO,2020
581,91,Helsinki,50,AK,ARA,PK,2020
1265,92,Vantaa,1,AP,VR,VO,2020
473,49,Espoo,4,AP,VR,VO,2020
2042,858,Tuusula,1,AP,VR,VO,2020
354,49,Espoo,1,AP,VR,VO,2020
1253,92,Vantaa,1,AP,VR,VO,2020
523,91,Helsinki,1,AP,VR,VO,2020
98,49,Espoo,2,AP,VR,VO,2020
1229,92,Vantaa,1,AP,VR,VO,2020
741,91,Helsinki,1,AP,VR,VO,2020
1620,257,Kirkkonummi,1,AP,VR,VO,2020
1826,543,Nurmijarvi,4,AP,VR,VO,2020
1298,92,Vantaa,1,AP,VR,VO,2020
724,91,Helsinki,22,AK,VR,VO,2020
9,49,Espoo,88,AK,VR,VV,2020
1384,235,Kauniainen,18,AK,VR,VO,2020
1746,543,Nurmijarvi,1,AP,VR,VO,2020
1913,753,Sipoo,1,AP,VR,VO,2020
821,91,Helsinki,1,AP,VR,VO,2020
43,49,Espoo,52,AK,VR,VV,2020
1083,92,Vantaa,1,AP,VR,VO,2020
411,49,Espoo,2,AP,VR,VO,2020
1047,92,Vantaa,1,AP,VR,VO,2020
2013,858,Tuusula,1,AP,VR,VO,2020
1323,92,Vantaa,2,AP,VR,VO,2020
991,91,Helsinki,7,AK,VR,VO,2020
1903,753,Sipoo,1,AP,VR,VO,2020
1005,91,Helsinki,1,AK,VR,VO,2020
2045,858,Tuusula,1,AP,VR,VO,2020
834,91,Helsinki,1,AP,VR,VO,2020
1239,92,Vantaa,2,AP,VR,VO,2020
1129,92,Vantaa,132,AK,VR,VT,2020
1645,257,Kirkkonummi,1,AP,VR,VO,2020
980,91,Helsinki,1,AK,VR,VO,2020
1894,753,Sipoo,1,AP,VR,VO,2020
1636,257,Kirkkonummi,1,AP,VR,VO,2020
878,91,Helsinki,1,AP,VR,VO,2020
1945,753,Sipoo,1,AP,VR,VO,2020
1343,92,Vantaa,1,AP,VR,VO,2020
1990,858,Tuusula,1,AP,VR,VO,2020
1228,92,Vantaa,1,AP,VR,VO,2020
59,49,Espoo,47,AK,VR,VV,2020
160,49,Espoo,1,AP,VR,VO,2020
2143,927,Vihti,1,AP,VR,VO,2020
452,49,Espoo,1,AP,VR,VO,2020
454,49,Espoo,2,AP,VR,VO,2020
631,91,Helsinki,1,AP,VR,VO,2020
88,49,Espoo,1,AP,VR,VO,2020
2099,927,Vihti,1,AP,VR,VO,2020
1329,92,Vantaa,64,AK,VR,VV,2020
602,91,Helsinki,1,AP,VR,VO,2020
2030,858,Tuusula,1,AP,VR,VO,2020
1457,186,Jarvenpaa,20,AK,VR,VO,2020
1876,753,Sipoo,27,AK,VR,VO,2020
1544,186,Jarvenpaa,1,AP,VR,VO,2020
31,49,Espoo,41,AK,VR,VO,2020
250,49,Espoo,1,AP,VR,VO,2020
516,91,Helsinki,2,AP,VR,VO,2020
1498,186,Jarvenpaa,2,AP,VR,VO,2020
781,91,Helsinki,43,AK,VR,VO,2020
1930,753,Sipoo,1,AP,VR,VO,2020
1165,92,Vantaa,31,AK,VR,VV,2020
1796,543,Nurmijarvi,1,AP,VR,VO,2020
2012,858,Tuusula,2,AP,VR,VO,2020
677,91,Helsinki,1,AP,VR,VO,2020
1386,235,Kauniainen,39,AK,VR,VO,2020
1532,186,Jarvenpaa,6,AP,ASO,ASO,2020
1708,505,Mantsala,1,AP,VR,VO,2020
940,91,Helsinki,4,AK,VR,VO,2020
1475,186,Jarvenpaa,2,AP,VR,VO,2020
2023,858,Tuusula,1,AP,VR,VO,2020
1753,543,Nurmijarvi,1,AP,VR,VO,2020
2135,927,Vihti,1,AP,VR,VO,2020
1778,543,Nurmijarvi,1,AP,VR,VO,2020
993,91,Helsinki,3,AP,VR,VO,2020
297,49,Espoo,1,AP,VR,VO,2020
1676,257,Kirkkonummi,1,AP,VR,VO,2020
1389,235,Kauniainen,4,AK,VR,VO,2020
1296,92,Vantaa,1,AP,VR,VO,2020
837,91,Helsinki,1,AP,VR,VO,2020
1685,257,Kirkkonummi,1,AP,VR,VO,2020
256,49,Espoo,1,AP,VR,VO,2020
50,49,Espoo,12,AP,VR,VO,2020
108,49,Espoo,1,AP,VR,VO,2020
792,91,Helsinki,22,AK,VR,VO,2020
1270,92,Vantaa,1,AP,VR,VO,2020
2115,927,Vihti,1,AP,VR,VV,2020
711,91,Helsinki,58,AK,VR,VO,2020
1928,753,Sipoo,1,AP,VR,VO,2020
636,91,Helsinki,26,AK,VR,VO,2020
2104,927,Vihti,1,AP,VR,VO,2020
311,49,Espoo,1,AP,VR,VO,2020
164,49,Espoo,1,AP,VR,VO,2020
680,91,Helsinki,14,AK,ARA,PK,2020
2038,858,Tuusula,1,AP,VR,VO,2020
292,49,Espoo,1,AP,VR,VO,2020
1547,186,Jarvenpaa,1,AP,VR,VO,2020
208,49,Espoo,1,AP,VR,VO,2020
1206,92,Vantaa,2,AP,VR,VO,2020
1604,245,Kerava,2,AP,VR,VO,2020
972,91,Helsinki,1,AK,VR,VO,2020
1049,92,Vantaa,2,AP,VR,VO,2020
1029,92,Vantaa,1,AP,VR,VO,2020
1484,186,Jarvenpaa,2,AP,VR,VO,2020
812,91,Helsinki,1,AP,VR,VO,2020
2053,858,Tuusula,1,AP,VR,VO,2020
970,91,Helsinki,1,AK,VR,VO,2020
441,49,Espoo,1,AP,VR,VO,2020
2078,858,Tuusula,1,AP,VR,VO,2020
578,91,Helsinki,60,AK,ASO,ASO,2020
1872,753,Sipoo,38,AK,ARA,PK,2020
616,91,Helsinki,1,AP,VR,VO,2020
2005,858,Tuusula,4,AP,VR,VO,2020
1041,92,Vantaa,1,AP,VR,VO,2020
188,49,Espoo,2,AP,VR,VO,2020
494,49,Espoo,1,AP,VR,VO,2020
102,49,Espoo,1,AP,VR,VO,2020
1761,543,Nurmijarvi,1,AP,VR,VO,2020
169,49,Espoo,1,AP,VR,VO,2020
607,91,Helsinki,2,AP,VR,VO,2020
517,91,Helsinki,21,AK,VR,VO,2020
1584,245,Kerava,46,AK,VR,VV,2020
316,49,Espoo,1,AP,VR,VO,2020
847,91,Helsinki,1,AP,VR,VO,2020
1911,753,Sipoo,1,AP,VR,VO,2020
2054,858,Tuusula,1,AP,VR,VO,2020
1606,245,Kerava,1,AP,VR,VO,2020
745,91,Helsinki,1,AP,VR,VO,2020
1084,92,Vantaa,1,AP,VR,VO,2020
1106,92,Vantaa,3,AP,VR,VO,2020
1918,753,Sipoo,1,AP,VR,VO,2020
2028,858,Tuusula,1,AP,VR,VO,2020
882,91,Helsinki,1,AP,VR,VO,2020
1939,753,Sipoo,1,AP,VR,VO,2020
672,91,Helsinki,28,AK,ARA,PK,2020
1984,858,Tuusula,1,AP,VR,VO,2020
1728,505,Mantsala,5,AP,VR,VO,2020
1923,753,Sipoo,1,AP,VR,VO,2020
1286,92,Vantaa,1,AP,VR,VO,2020
1185,92,Vantaa,2,AP,VR,VO,2020
1257,92,Vantaa,5,AP,VR,VO,2020
1444,106,Hyvinkaa,1,AP,VR,VO,2020
115,49,Espoo,2,AP,VR,VO,2020
1434,106,Hyvinkaa,1,AP,VR,VO,2020
546,91,Helsinki,1,AP,VR,VO,2020
1659,257,Kirkkonummi,1,AP,VR,VO,2020
1487,186,Jarvenpaa,3,AP,VR,VO,2020
2043,858,Tuusula,1,AP,VR,VO,2020
287,49,Espoo,1,AP,VR,VO,2020
690,91,Helsinki,9,AK,VR,VO,2020
487,49,Espoo,1,AP,VR,VO,2020
1111,92,Vantaa,3,AP,VR,VO,2020
1291,92,Vantaa,1,AP,VR,VO,2020
1638,257,Kirkkonummi,1,AP,VR,VO,2020
934,91,Helsinki,2,AP,VR,VO,2020
2087,858,Tuusula,6,AP,VR,VO,2020
1738,505,Mantsala,1,AP,VR,VO,2020
243,49,Espoo,1,AP,VR,VO,2020
1904,753,Sipoo,1,AP,VR,VO,2020
1249,92,Vantaa,2,AP,VR,VO,2020
157,49,Espoo,1,AP,VR,VO,2020
343,49,Espoo,2,AP,VR,VO,2020
989,91,Helsinki,36,AK,VR,VO,2020
1693,257,Kirkkonummi,7,AP,VR,VO,2020
1419,106,Hyvinkaa,5,AP,VR,VO,2020
1683,257,Kirkkonummi,1,AP,VR,VO,2020
323,49,Espoo,2,AP,VR,VO,2020
132,49,Espoo,1,AP,VR,VO,2020
584,91,Helsinki,5,AK,ASO,ASO,2020
829,91,Helsinki,6,AP,VR,VO,2020
1369,92,Vantaa,2,AP,VR,VO,2020
301,49,Espoo,1,AP,VR,VO,2020
2117,927,Vihti,1,AP,VR,VO,2020
1702,505,Mantsala,1,AP,VR,VO,2020
1315,92,Vantaa,2,AP,VR,VO,2020
962,91,Helsinki,26,AK,VR,VO,2020
410,49,Espoo,2,AP,VR,VO,2020
1499,186,Jarvenpaa,2,AP,VR,VO,2020
449,49,Espoo,1,AP,VR,VO,2020
166,49,Espoo,2,AP,VR,VO,2020
1592,245,Kerava,1,AP,VR,VO,2020
1312,92,Vantaa,2,AP,VR,VO,2020
1057,92,Vantaa,59,AK,VR,VO,2020
2051,858,Tuusula,1,AP,VR,VO,2020
1533,186,Jarvenpaa,4,AP,ASO,ASO,2020
1665,257,Kirkkonummi,1,AP,VR,VO,2020
563,91,Helsinki,18,AK,ASO,ASO,2020
77,49,Espoo,1,AP,VR,VO,2020
1479,186,Jarvenpaa,1,AP,VR,VO,2020
538,91,Helsinki,1,AP,VR,VO,2020
203,49,Espoo,1,AP,VR,VO,2020
1110,92,Vantaa,2,AP,VR,VO,2020
1974,858,Tuusula,1,AP,VR,VO,2020
229,49,Espoo,1,AP,VR,VO,2020
79,49,Espoo,1,AP,VR,VO,2020
276,49,Espoo,2,AP,VR,VO,2020
419,49,Espoo,2,AP,VR,VO,2020
683,91,Helsinki,2,AP,VR,VO,2020
596,91,Helsinki,53,AK,VR,VO,2020
976,91,Helsinki,1,AK,VR,VO,2020
264,49,Espoo,1,AP,VR,VO,2020
1046,92,Vantaa,68,AK,ARA,LK,2020
1393,235,Kauniainen,1,AP,VR,VO,2020
949,91,Helsinki,31,AK,VR,VO,2020
1893,753,Sipoo,1,AP,VR,VO,2020
1116,92,Vantaa,3,AP,VR,VO,2020
1100,92,Vantaa,1,AP,VR,VO,2020
1656,257,Kirkkonummi,1,AP,VR,VO,2020
453,49,Espoo,1,AP,VR,VO,2020
1273,92,Vantaa,38,AK,VR,VV,2020
1955,858,Tuusula,1,AP,VR,VO,2020
1803,543,Nurmijarvi,2,AP,VR,VO,2020
374,49,Espoo,1,AP,VR,VO,2020
685,91,Helsinki,2,AP,VR,VO,2020
1078,92,Vantaa,2,AP,VR,VO,2020
1695,257,Kirkkonummi,5,AP,VR,VO,2020
873,91,Helsinki,1,AP,VR,VO,2020
879,91,Helsinki,1,AP,VR,VO,2020
524,91,Helsinki,1,AP,VR,VO,2020
1294,92,Vantaa,1,AP,VR,VO,2020
1413,106,Hyvinkaa,2,AP,VR,VO,2020
251,49,Espoo,1,AP,VR,VO,2020
327,49,Espoo,1,AP,VR,VO,2020
92,49,Espoo,1,AP,VR,VO,2020
1641,257,Kirkkonummi,1,AP,VR,VO,2020
1383,235,Kauniainen,37,AK,VR,VO,2020
1245,92,Vantaa,1,AP,VR,VO,2020
1552,186,Jarvenpaa,2,AP,VR,VO,2020
609,91,Helsinki,3,AP,VR,VO,2020
566,91,Helsinki,30,AK,VR,VO,2020
152,49,Espoo,1,AP,VR,VO,2020
1062,92,Vantaa,1,AP,VR,VO,2020
303,49,Espoo,1,AP,VR,VO,2020
238,49,Espoo,1,AP,VR,VO,2020
1354,92,Vantaa,1,AP,VR,VO,2020
1455,106,Hyvinkaa,1,AP,VR,VO,2020
1704,505,Mantsala,1,AP,VR,VO,2020
1639,257,Kirkkonummi,1,AP,VR,VO,2020
332,49,Espoo,1,AP,VR,VO,2020
736,91,Helsinki,88,AK,VR,VV,2020
941,91,Helsinki,6,AK,VR,VO,2020
945,91,Helsinki,8,AK,VR,VO,2020
674,91,Helsinki,100,AK,VR,VO,2020
68,49,Espoo,1,AP,VR,VO,2020
1586,245,Kerava,66,AK,VR,VO,2020
1210,92,Vantaa,2,AP,VR,VO,2020
1823,543,Nurmijarvi,6,AP,VR,VO,2020
1432,106,Hyvinkaa,23,AK,ASO,ASO,2020
450,49,Espoo,1,AP,VR,VO,2020
259,49,Espoo,1,AP,VR,VO,2020
2151,927,Vihti,2,AP,VR,VO,2020
99,49,Espoo,1,AP,VR,VO,2020
2010,858,Tuusula,1,AP,VR,VO,2020
849,91,Helsinki,12,AK,VR,VO,2020
637,91,Helsinki,9,AP,VR,VO,2020
466,49,Espoo,2,AP,VR,VO,2020
2064,858,Tuusula,9,AK,VR,VO,2020
2138,927,Vihti,1,AP,VR,VO,2020
1844,543,Nurmijarvi,1,AP,VR,VO,2020
559,91,Helsinki,100,AK,ARA,PK,2020
758,91,Helsinki,5,AP,VR,VO,2020
63,49,Espoo,15,AP,VR,VV,2020
2096,927,Vihti,1,AP,VR,VO,2020
148,49,Espoo,1,AP,VR,VO,2020
1240,92,Vantaa,1,AP,VR,VO,2020
184,49,Espoo,1,AP,VR,VO,2020
1733,505,Mantsala,1,AP,VR,VO,2020
869,91,Helsinki,1,AP,VR,VO,2020
55,49,Espoo,20,AP,ASO,ASO,2020
1269,92,Vantaa,2,AP,VR,VO,2020
1860,753,Sipoo,1,AP,VR,VO,2020
1468,186,Jarvenpaa,2,AP,VR,VO,2020
1938,753,Sipoo,1,AP,VR,VO,2020
814,91,Helsinki,1,AP,VR,VO,2020
46,49,Espoo,25,AP,VR,VO,2020
1406,106,Hyvinkaa,1,AP,VR,VO,2020
328,49,Espoo,1,AP,VR,VO,2020
1027,92,Vantaa,4,AP,VR,VO,2020
1838,543,Nurmijarvi,49,AK,VR,VV,2020
825,91,Helsinki,2,AP,VR,VO,2020
288,49,Espoo,1,AP,VR,VO,2020
2029,858,Tuusula,1,AP,VR,VO,2020
1114,92,Vantaa,1,AP,VR,VO,2020
225,49,Espoo,1,AP,VR,VO,2020
1912,753,Sipoo,1,AP,VR,VO,2020
2119,927,Vihti,1,AP,VR,VO,2020
1508,186,Jarvenpaa,2,AP,VR,VO,2020
670,91,Helsinki,1,AP,VR,VO,2020
1558,186,Jarvenpaa,4,AK,ARA,ER,2020
52,49,Espoo,18,AP,VR,VO,2020
1973,858,Tuusula,2,AP,VR,VO,2020
937,91,Helsinki,1,AP,VR,VO,2020
589,91,Helsinki,77,AK,ARA,ER,2020
1848,543,Nurmijarvi,1,AP,VR,VO,2020
1986,858,Tuusula,1,AP,VR,VO,2020
1068,92,Vantaa,2,AP,VR,VO,2020
220,49,Espoo,1,AP,VR,VO,2020
1629,257,Kirkkonummi,1,AP,VR,VO,2020
1782,543,Nurmijarvi,1,AP,VR,VO,2020
2112,927,Vihti,1,AP,VR,VO,2020
1246,92,Vantaa,1,AP,VR,VO,2020
1429,106,Hyvinkaa,31,AK,ARA,LK,2020
284,49,Espoo,1,AP,VR,VO,2020
0,49,Espoo,38,AK,VR,VO,2020
1010,91,Helsinki,1,AP,VR,VO,2020
109,49,Espoo,1,AP,VR,VO,2020
206,49,Espoo,1,AP,VR,VO,2020
1982,858,Tuusula,1,AP,VR,VO,2020
1039,92,Vantaa,2,AP,VR,VO,2020
25,49,Espoo,66,AK,VR,VO,2020
1995,858,Tuusula,1,AP,VR,VO,2020
856,91,Helsinki,2,AP,VR,VO,2020
378,49,Espoo,1,AP,VR,VO,2020
1254,92,Vantaa,1,AP,VR,VO,2020
730,91,Helsinki,2,AP,VR,VO,2020
1281,92,Vantaa,1,AP,VR,VO,2020
90,49,Espoo,1,AP,VR,VO,2020
522,91,Helsinki,1,AP,VR,VO,2020
1477,186,Jarvenpaa,5,AP,VR,VO,2020
257,49,Espoo,1,AP,VR,VO,2020
682,91,Helsinki,2,AP,VR,VO,2020
1626,257,Kirkkonummi,1,AP,VR,VO,2020
1573,186,Jarvenpaa,49,AK,VR,VV,2020
643,91,Helsinki,39,AK,VR,VO,2020
585,91,Helsinki,17,AK,ASO,ASO,2020
424,49,Espoo,1,AP,VR,VO,2020
1300,92,Vantaa,1,AP,VR,VO,2020
192,49,Espoo,1,AP,VR,VO,2020
1658,257,Kirkkonummi,1,AP,VR,VO,2020
1827,543,Nurmijarvi,3,AP,VR,VO,2020
839,91,Helsinki,1,AP,VR,VO,2020
744,91,Helsinki,1,AP,VR,VO,2020
1531,186,Jarvenpaa,8,AP,ASO,ASO,2020
923,91,Helsinki,2,AP,VR,VO,2020
129,49,Espoo,2,AP,VR,VO,2020
610,91,Helsinki,3,AP,VR,VO,2020
1517,186,Jarvenpaa,2,AP,VR,VO,2020
732,91,Helsinki,2,AP,VR,VO,2020
443,49,Espoo,1,AP,VR,VO,2020
1755,543,Nurmijarvi,1,AP,VR,VO,2020
1067,92,Vantaa,2,AP,VR,VO,2020
1220,92,Vantaa,7,AP,ARA,ER,2020
278,49,Espoo,2,AP,VR,VO,2020
925,91,Helsinki,1,AP,VR,VO,2020
161,49,Espoo,1,AP,VR,VO,2020
527,91,Helsinki,111,AK,VR,VO,2020
653,91,Helsinki,10,AK,ARA,PK,2020
1473,186,Jarvenpaa,2,AP,VR,VO,2020
780,91,Helsinki,1,AP,VR,VO,2020
214,49,Espoo,1,AP,VR,VO,2020
808,91,Helsinki,1,AP,VR,VO,2020
564,91,Helsinki,23,AK,ASO,ASO,2020
1717,505,Mantsala,2,AP,VR,VO,2020
446,49,Espoo,1,AP,VR,VO,2020
434,49,Espoo,1,AP,VR,VO,2020
113,49,Espoo,1,AP,VR,VO,2020
393,49,Espoo,1,AP,VR,VO,2020
647,91,Helsinki,33,AK,VR,VO,2020
877,91,Helsinki,1,AP,VR,VO,2020
1752,543,Nurmijarvi,1,AP,VR,VO,2020
1347,92,Vantaa,1,AP,VR,VO,2020
1960,858,Tuusula,1,AP,VR,VO,2020
2116,927,Vihti,1,AP,VR,VO,2020
399,49,Espoo,2,AP,VR,VO,2020
1149,92,Vantaa,1,AP,VR,VO,2020
80,49,Espoo,1,AP,VR,VO,2020
143,49,Espoo,1,AP,VR,VO,2020
751,91,Helsinki,2,AP,VR,VO,2020
341,49,Espoo,1,AP,VR,VO,2020
467,49,Espoo,1,AP,VR,VO,2020
421,49,Espoo,6,AP,VR,VO,2020
138,49,Espoo,2,AP,VR,VO,2020
987,91,Helsinki,2,AK,VR,VO,2020
603,91,Helsinki,1,AP,VR,VO,2020
996,91,Helsinki,3,AK,VR,VO,2020
342,49,Espoo,1,AP,VR,VO,2020
1394,235,Kauniainen,1,AP,VR,VO,2020
787,91,Helsinki,2,AP,VR,VO,2020
1373,92,Vantaa,1,AP,VR,VO,2020
1766,543,Nurmijarvi,1,AP,VR,VO,2020
1878,753,Sipoo,12,AK,ARA,PK,2020
2090,858,Tuusula,2,AP,VR,VO,2020
665,91,Helsinki,1,AP,VR,VO,2020
1443,106,Hyvinkaa,1,AP,VR,VO,2020
1019,91,Helsinki,2,AP,VR,VO,2020
1829,543,Nurmijarvi,6,AP,VR,VO,2020
1634,257,Kirkkonummi,1,AP,VR,VO,2020
21,49,Espoo,61,AK,ARA,PK,2020
1433,106,Hyvinkaa,1,AP,VR,VO,2020
1807,543,Nurmijarvi,2,AP,VR,VO,2020
1411,106,Hyvinkaa,2,AP,VR,VO,2020
1451,106,Hyvinkaa,1,AP,VR,VO,2020
533,91,Helsinki,47,AK,ASO,ASO,2020
1842,543,Nurmijarvi,1,AP,VR,VO,2020
1015,91,Helsinki,1,AP,VR,VO,2020
1502,186,Jarvenpaa,1,AP,VR,VO,2020
995,91,Helsinki,3,AK,VR,VO,2020
1730,505,Mantsala,2,AP,VR,VO,2020
1777,543,Nurmijarvi,1,AP,VR,VO,2020
625,91,Helsinki,1,AP,VR,VO,2020
897,91,Helsinki,2,AP,VR,VO,2020
608,91,Helsinki,2,AP,VR,VO,2020
733,91,Helsinki,2,AP,VR,VO,2020
505,91,Helsinki,1,AP,VR,VO,2020
1897,753,Sipoo,1,AP,VR,VO,2020
1719,505,Mantsala,1,AP,VR,VO,2020
1277,92,Vantaa,1,AP,VR,VO,2020
1462,186,Jarvenpaa,1,AP,VR,VO,2020
1760,543,Nurmijarvi,1,AP,VR,VO,2020
127,49,Espoo,1,AP,VR,VO,2020
846,91,Helsinki,43,AK,VR,VO,2020
159,49,Espoo,1,AP,VR,VO,2020
1112,92,Vantaa,2,AP,VR,VO,2020
1348,92,Vantaa,1,AP,VR,VO,2020
1888,753,Sipoo,2,AP,VR,VO,2020
427,49,Espoo,1,AP,VR,VO,2020
714,91,Helsinki,48,AK,VR,VV,2020
1605,245,Kerava,1,AP,VR,VO,2020
1024,92,Vantaa,1,AP,VR,VO,2020
1625,257,Kirkkonummi,1,AP,VR,VO,2020
3,49,Espoo,54,AK,VR,VO,2020
2101,927,Vihti,1,AP,VR,VO,2020
774,91,Helsinki,1,AP,VR,VO,2020
298,49,Espoo,1,AP,VR,VO,2020
180,49,Espoo,2,AP,VR,VO,2020
457,49,Espoo,1,AP,VR,VO,2020
1877,753,Sipoo,12,AK,ARA,PK,2020
2081,858,Tuusula,30,AP,ARA,PK,2020
1509,186,Jarvenpaa,2,AP,VR,VO,2020
871,91,Helsinki,1,AP,VR,VO,2020
1414,106,Hyvinkaa,2,AP,VR,VO,2020
1875,753,Sipoo,30,AK,VR,VO,2020
769,91,Helsinki,1,AP,VR,VO,2020
1422,106,Hyvinkaa,6,AP,VR,VO,2020
2113,927,Vihti,1,AP,VR,VV,2020
369,49,Espoo,1,AP,VR,VO,2020
179,49,Espoo,1,AP,VR,VO,2020
1698,257,Kirkkonummi,83,AK,VR,VO,2020
725,91,Helsinki,82,AK,VR,VV,2020
1317,92,Vantaa,2,AP,VR,VO,2020
929,91,Helsinki,2,AP,VR,VO,2020
791,91,Helsinki,1,AP,VR,VO,2020
1736,505,Mantsala,1,AP,VR,VO,2020
1707,505,Mantsala,1,AP,VR,VO,2020
293,49,Espoo,1,AP,VR,VO,2020
1917,753,Sipoo,1,AP,VR,VO,2020
2073,858,Tuusula,1,AP,VR,VO,2020
144,49,Espoo,2,AP,VR,VO,2020
2041,858,Tuusula,1,AP,VR,VO,2020
908,91,Helsinki,1,AP,VR,VO,2020
930,91,Helsinki,2,AP,VR,VO,2020
2055,858,Tuusula,1,AP,VR,VO,2020
385,49,Espoo,1,AP,VR,VO,2020
716,91,Helsinki,1,AP,VR,VO,2020
2036,858,Tuusula,1,AP,VR,VO,2020
1536,186,Jarvenpaa,1,AP,VR,VO,2020
376,49,Espoo,1,AP,VR,VO,2020
182,49,Espoo,1,AP,VR,VO,2020
451,49,Espoo,1,AP,VR,VO,2020
274,49,Espoo,2,AP,VR,VO,2020
1615,245,Kerava,1,AP,VR,VO,2020
612,91,Helsinki,2,AP,VR,VO,2020
766,91,Helsinki,1,AP,VR,VO,2020
1497,186,Jarvenpaa,2,AP,VR,VO,2020
1066,92,Vantaa,2,AP,VR,VO,2020
428,49,Espoo,1,AP,VR,VO,2020
1647,257,Kirkkonummi,1,AP,VR,VO,2020
1513,186,Jarvenpaa,4,AP,VR,VO,2020
1862,753,Sipoo,1,AP,VR,VO,2020
81,49,Espoo,1,AP,VR,VO,2020
1132,92,Vantaa,1,AP,VR,VO,2020
2065,858,Tuusula,4,AP,VR,VO,2020
1764,543,Nurmijarvi,1,AP,VR,VO,2020
1482,186,Jarvenpaa,1,AP,VR,VO,2020
660,91,Helsinki,51,AK,VR,VO,2020
45,49,Espoo,68,AK,VR,VO,2020
1261,92,Vantaa,14,AK,VR,VO,2020
1175,92,Vantaa,1,AP,VR,VO,2020
588,91,Helsinki,56,AK,ARA,PK,2020
2092,927,Vihti,1,AP,VR,VO,2020
928,91,Helsinki,2,AP,VR,VO,2020
370,49,Espoo,2,AP,VR,VO,2020
1148,92,Vantaa,2,AP,VR,VO,2020
700,91,Helsinki,20,AK,VR,VV,2020
2154,927,Vihti,4,AP,VR,VV,2020
2059,858,Tuusula,1,AP,VR,VO,2020
1256,92,Vantaa,2,AP,VR,VO,2020
272,49,Espoo,2,AP,VR,VO,2020
629,91,Helsinki,1,AP,VR,VO,2020
1183,92,Vantaa,60,AK,VR,VO,2020
1797,543,Nurmijarvi,1,AP,VR,VO,2020
1058,92,Vantaa,38,AK,VR,VV,2020
1069,92,Vantaa,2,AP,VR,VO,2020
2122,927,Vihti,1,AP,VR,VO,2020
1324,92,Vantaa,1,AP,VR,VO,2020
855,91,Helsinki,31,AK,VR,VO,2020
1494,186,Jarvenpaa,5,AP,VR,VO,2020
686,91,Helsinki,2,AP,VR,VO,2020
1061,92,Vantaa,1,AP,VR,VO,2020
943,91,Helsinki,2,AK,VR,VO,2020
94,49,Espoo,1,AP,VR,VO,2020
112,49,Espoo,1,AP,VR,VO,2020
921,91,Helsinki,2,AP,VR,VO,2020
818,91,Helsinki,1,AP,VR,VO,2020
1117,92,Vantaa,2,AP,VR,VO,2020
727,91,Helsinki,1,AP,VR,VO,2020
1355,92,Vantaa,1,AP,VR,VO,2020
1610,245,Kerava,1,AP,VR,VO,2020
1439,106,Hyvinkaa,1,AP,VR,VO,2020
770,91,Helsinki,1,AP,VR,VO,2020
1909,753,Sipoo,1,AP,VR,VO,2020
1549,186,Jarvenpaa,1,AP,VR,VO,2020
1353,92,Vantaa,2,AP,VR,VO,2020
1098,92,Vantaa,1,AP,VR,VO,2020
1692,257,Kirkkonummi,4,AP,VR,VO,2020
1327,92,Vantaa,15,AK,ASO,ASO,2020
1770,543,Nurmijarvi,1,AP,VR,VO,2020
1134,92,Vantaa,1,AP,VR,VO,2020
1404,106,Hyvinkaa,1,AP,VR,VO,2020
749,91,Helsinki,2,AP,VR,VO,2020
1307,92,Vantaa,2,AP,VR,VO,2020
40,49,Espoo,49,AK,VR,VO,2020
93,49,Espoo,1,AP,VR,VO,2020
1054,92,Vantaa,1,AP,VR,VO,2020
1320,92,Vantaa,4,AP,VR,VO,2020
556,91,Helsinki,1,AP,VR,VO,2020
70,49,Espoo,2,AP,VR,VO,2020
174,49,Espoo,2,AP,VR,VO,2020
767,91,Helsinki,2,AP,VR,VO,2020
69,49,Espoo,1,AP,VR,VO,2020
500,49,Espoo,1,AP,VR,VO,2020
1572,186,Jarvenpaa,4,AK,ARA,ER,2020
807,91,Helsinki,1,AP,VR,VO,2020
1342,92,Vantaa,1,AP,VR,VO,2020
1285,92,Vantaa,2,AP,VR,VO,2020
460,49,Espoo,1,AP,VR,VO,2020
1670,257,Kirkkonummi,1,AP,VR,VO,2020
2058,858,Tuusula,1,AP,VR,VO,2020
2083,858,Tuusula,6,AP,VR,VO,2020
1751,543,Nurmijarvi,1,AP,VR,VO,2020
761,91,Helsinki,1,AP,VR,VO,2020
118,49,Espoo,1,AP,VR,VO,2020
576,91,Helsinki,65,AK,ARA,PK,2020
422,49,Espoo,1,AP,VR,VO,2020
1035,92,Vantaa,2,AP,VR,VO,2020
931,91,Helsinki,2,AP,VR,VO,2020
910,91,Helsinki,1,AP,VR,VO,2020
1975,858,Tuusula,1,AP,VR,VO,2020
1815,543,Nurmijarvi,2,AP,VR,VO,2020
2049,858,Tuusula,1,AP,VR,VO,2020
895,91,Helsinki,1,AP,VR,VO,2020
1962,858,Tuusula,1,AP,VR,VO,2020
2131,927,Vihti,1,AP,VR,VO,2020
19,49,Espoo,42,AK,ARA,PK,2020
884,91,Helsinki,1,AP,VR,VO,2020
827,91,Helsinki,2,AP,VR,VO,2020
567,91,Helsinki,9,AK,VR,VO,2020
675,91,Helsinki,8,AP,VR,VO,2020
1801,543,Nurmijarvi,1,AP,VR,VO,2020
1102,92,Vantaa,3,AP,VR,VO,2020
1020,91,Helsinki,0,AK,ARA,ER,2020
1957,858,Tuusula,1,AP,VR,VO,2020
1001,91,Helsinki,1,AK,VR,VO,2020
624,91,Helsinki,108,AK,VR,VO,2020
1687,257,Kirkkonummi,1,AP,VR,VO,2020
1305,92,Vantaa,2,AP,VR,VO,2020
630,91,Helsinki,58,AK,VR,VO,2020
437,49,Espoo,1,AP,VR,VO,2020
707,91,Helsinki,49,AK,VR,VV,2020
391,49,Espoo,1,AP,VR,VO,2020
518,91,Helsinki,2,AP,VR,VO,2020
506,91,Helsinki,1,AP,VR,VO,2020
1908,753,Sipoo,1,AP,VR,VO,2020
1352,92,Vantaa,2,AP,VR,VO,2020
1713,505,Mantsala,5,AP,VR,VV,2020
2134,927,Vihti,1,AP,VR,VO,2020
1968,858,Tuusula,1,AP,VR,VO,2020
2002,858,Tuusula,1,AP,VR,VO,2020
1570,186,Jarvenpaa,42,AK,ARA,LK,2020
1964,858,Tuusula,1,AP,VR,VO,2020
1472,186,Jarvenpaa,2,AP,VR,VO,2020
671,91,Helsinki,28,AK,ARA,PK,2020
2031,858,Tuusula,1,AP,VR,VO,2020
1025,92,Vantaa,1,AP,VR,VO,2020
1310,92,Vantaa,1,AP,VR,VO,2020
800,91,Helsinki,2,AP,VR,VO,2020
983,91,Helsinki,1,AK,VR,VO,2020
1514,186,Jarvenpaa,3,AP,VR,VO,2020
1895,753,Sipoo,1,AP,VR,VO,2020
1424,106,Hyvinkaa,63,AK,VR,VV,2020
986,91,Helsinki,5,AP,VR,VO,2020
1171,92,Vantaa,1,AP,VR,VO,2020
1947,858,Tuusula,1,AP,VR,VO,2020
2077,858,Tuusula,1,AP,VR,VO,2020
1356,92,Vantaa,2,AP,VR,VO,2020
1180,92,Vantaa,2,AP,VR,VO,2020
1481,186,Jarvenpaa,2,AP,VR,VO,2020
966,91,Helsinki,2,AK,VR,VO,2020
689,91,Helsinki,4,AP,VR,VO,2020
739,91,Helsinki,1,AP,VR,VO,2020
1684,257,Kirkkonummi,1,AP,VR,VO,2020
545,91,Helsinki,44,AK,VR,VO,2020
883,91,Helsinki,1,AP,VR,VO,2020
536,91,Helsinki,1,AP,VR,VO,2020
912,91,Helsinki,3,AP,VR,VO,2020
279,49,Espoo,1,AP,VR,VO,2020
2080,858,Tuusula,1,AP,VR,VO,2020
252,49,Espoo,1,AP,VR,VO,2020
1465,186,Jarvenpaa,6,AP,VR,VO,2020
668,91,Helsinki,1,AP,VR,VO,2020
366,49,Espoo,2,AP,VR,VO,2020
1969,858,Tuusula,1,AP,VR,VO,2020
1737,505,Mantsala,1,AP,VR,VO,2020
806,91,Helsinki,1,AP,VR,VO,2020
83,49,Espoo,1,AP,VR,VO,2020
830,91,Helsinki,2,AP,VR,VO,2020
646,91,Helsinki,27,AK,VR,VO,2020
913,91,Helsinki,1,AP,VR,VO,2020
1816,543,Nurmijarvi,2,AP,VR,VO,2020
922,91,Helsinki,1,AP,VR,VO,2020
747,91,Helsinki,1,AP,VR,VO,2020
167,49,Espoo,2,AP,VR,VO,2020
455,49,Espoo,1,AP,VR,VO,2020
1787,543,Nurmijarvi,1,AP,VR,VO,2020
1195,92,Vantaa,1,AP,VR,VO,2020
886,91,Helsinki,1,AP,VR,VO,2020
1500,186,Jarvenpaa,2,AP,VR,VO,2020
1673,257,Kirkkonummi,1,AP,VR,VO,2020
841,91,Helsinki,1,AP,VR,VO,2020
1578,245,Kerava,66,AK,VR,VO,2020
788,91,Helsinki,2,AP,VR,VO,2020
1191,92,Vantaa,1,AP,VR,VO,2020
1238,92,Vantaa,1,AP,VR,VO,2020
1396,235,Kauniainen,1,AP,VR,VO,2020
227,49,Espoo,1,AP,VR,VO,2020
553,91,Helsinki,1,AP,VR,VO,2020
1677,257,Kirkkonummi,1,AP,VR,VO,2020
1538,186,Jarvenpaa,4,AP,VR,VO,2020
773,91,Helsinki,4,AP,VR,VO,2020
1030,92,Vantaa,1,AP,VR,VO,2020
1563,186,Jarvenpaa,8,AK,VR,VO,2020
1831,543,Nurmijarvi,3,AP,VR,VO,2020
1566,186,Jarvenpaa,6,AK,VR,VO,2020
2109,927,Vihti,1,AP,VR,VO,2020
948,91,Helsinki,4,AK,VR,VO,2020
189,49,Espoo,3,AP,VR,VO,2020
1460,186,Jarvenpaa,1,AP,VR,VO,2020
2069,858,Tuusula,50,AK,VR,VO,2020
796,91,Helsinki,1,AP,VR,VO,2020
73,49,Espoo,1,AP,VR,VO,2020
710,91,Helsinki,1,AP,VR,VO,2020
490,49,Espoo,1,AP,VR,VO,2020
549,91,Helsinki,55,AK,ARA,PK,2020
1976,858,Tuusula,1,AP,VR,VO,2020
1858,753,Sipoo,1,AP,VR,VO,2020
1326,92,Vantaa,15,AK,ASO,ASO,2020
1297,92,Vantaa,1,AP,VR,VO,2020
1366,92,Vantaa,1,AP,VR,VO,2020
2022,858,Tuusula,1,AP,VR,VO,2020
2150,927,Vihti,2,AP,VR,VO,2020
666,91,Helsinki,1,AP,VR,VO,2020
539,91,Helsinki,45,AK,VR,VO,2020
1398,235,Kauniainen,1,AP,VR,VO,2020
1725,505,Mantsala,1,AP,VR,VO,2020
1168,92,Vantaa,2,AP,VR,VO,2020
1991,858,Tuusula,1,AP,VR,VO,2020
242,49,Espoo,2,AP,VR,VO,2020
1252,92,Vantaa,37,AK,VR,VO,2020
462,49,Espoo,1,AP,VR,VO,2020
663,91,Helsinki,2,AP,VR,VO,2020
406,49,Espoo,1,AP,VR,VO,2020
1565,186,Jarvenpaa,8,AK,VR,VO,2020
755,91,Helsinki,1,AP,VR,VO,2020
1663,257,Kirkkonummi,1,AP,VR,VO,2020
1267,92,Vantaa,2,AP,VR,VO,2020
1864,753,Sipoo,1,AP,VR,VO,2020
903,91,Helsinki,1,AP,VR,VO,2020
1418,106,Hyvinkaa,1,AP,VR,VO,2020
1723,505,Mantsala,1,AP,VR,VO,2020
1530,186,Jarvenpaa,4,AP,ASO,ASO,2020
1745,505,Mantsala,1,AP,VR,VO,2020
697,91,Helsinki,4,AP,VR,VO,2020
1466,186,Jarvenpaa,2,AP,VR,VO,2020
1527,186,Jarvenpaa,4,AP,VR,VO,2020
2007,858,Tuusula,54,AK,VR,VO,2020
273,49,Espoo,2,AP,VR,VO,2020
230,49,Espoo,3,AP,VR,VO,2020
535,91,Helsinki,19,AK,VR,VO,2020
2108,927,Vihti,1,AP,VR,VO,2020
475,49,Espoo,2,AP,VR,VO,2020
1528,186,Jarvenpaa,2,AP,VR,VO,2020
1421,106,Hyvinkaa,9,AP,VR,VO,2020
757,91,Helsinki,6,AP,VR,VO,2020
844,91,Helsinki,1,AP,VR,VO,2020
515,91,Helsinki,2,AP,VR,VO,2020
383,49,Espoo,2,AP,VR,VO,2020
947,91,Helsinki,1,AP,VR,VO,2020
74,49,Espoo,1,AP,VR,VO,2020
738,91,Helsinki,2,AP,VR,VO,2020
1534,186,Jarvenpaa,2,AP,VR,VO,2020
963,91,Helsinki,3,AK,VR,VO,2020
641,91,Helsinki,1,AP,VR,VO,2020
562,91,Helsinki,5,AK,ARA,ER,2020
1157,92,Vantaa,1,AP,VR,VO,2020
158,49,Espoo,1,AP,VR,VO,2020
1410,106,Hyvinkaa,1,AP,VR,VO,2020
542,91,Helsinki,72,AK,ARA,PK,2020
30,49,Espoo,58,AK,VR,VV,2020
1706,505,Mantsala,2,AP,VR,VO,2020
1790,543,Nurmijarvi,1,AP,VR,VO,2020
1841,543,Nurmijarvi,1,AP,VR,VO,2020
1371,92,Vantaa,1,AP,VR,VO,2020
1437,106,Hyvinkaa,1,AP,VR,VO,2020
1137,92,Vantaa,4,AP,VR,VO,2020
1201,92,Vantaa,1,AP,VR,VO,2020
1899,753,Sipoo,1,AP,VR,VO,2020
1008,91,Helsinki,1,AK,VR,VO,2020
502,49,Espoo,1,AP,VR,VO,2020
731,91,Helsinki,2,AP,VR,VO,2020
2044,858,Tuusula,1,AP,VR,VO,2020
824,91,Helsinki,1,AP,VR,VO,2020
1997,858,Tuusula,5,AP,VR,VO,2020
999,91,Helsinki,1,AK,VR,VO,2020
26,49,Espoo,52,AK,ARA,PK,2020
1603,245,Kerava,1,AP,VR,VO,2020
116,49,Espoo,1,AP,VR,VO,2020
1081,92,Vantaa,2,AP,VR,VO,2020
932,91,Helsinki,2,AP,VR,VO,2020
1922,753,Sipoo,1,AP,VR,VO,2020
444,49,Espoo,1,AP,VR,VO,2020
1184,92,Vantaa,2,AP,VR,VO,2020
1740,505,Mantsala,64,AK,ARA,LK,2020
14,49,Espoo,42,AK,VR,VO,2020
1288,92,Vantaa,2,AP,VR,VO,2020
1489,186,Jarvenpaa,1,AP,VR,VO,2020
1597,245,Kerava,1,AP,VR,VO,2020
1293,92,Vantaa,2,AP,VR,VO,2020
1802,543,Nurmijarvi,1,AP,VR,VO,2020
1079,92,Vantaa,1,AP,VR,VO,2020
1154,92,Vantaa,41,AK,VR,VO,2020
1192,92,Vantaa,1,AP,VR,VO,2020
416,49,Espoo,3,AP,VR,VO,2020
1870,753,Sipoo,43,AK,VR,VO,2020
651,91,Helsinki,10,AK,ARA,PK,2020
364,49,Espoo,1,AP,VR,VO,2020
1871,753,Sipoo,44,AK,VR,VO,2020
927,91,Helsinki,1,AP,VR,VO,2020
1910,753,Sipoo,1,AP,VR,VO,2020
526,91,Helsinki,106,AK,VR,VO,2020
614,91,Helsinki,2,AP,VR,VO,2020
1577,245,Kerava,3,AP,VR,VO,2020
1852,543,Nurmijarvi,1,AP,VR,VO,2020
403,49,Espoo,1,AP,VR,VO,2020
1581,245,Kerava,132,AK,VR,VV,2020
735,91,Helsinki,56,AK,VR,VV,2020
235,49,Espoo,1,AP,VR,VO,2020
2121,927,Vihti,1,AP,VR,VO,2020
968,91,Helsinki,1,AK,VR,VO,2020
1408,106,Hyvinkaa,1,AP,VR,VO,2020
1124,92,Vantaa,1,AP,VR,VO,2020
1012,91,Helsinki,1,AK,VR,VO,2020
857,91,Helsinki,1,AP,VR,VO,2020
529,91,Helsinki,22,AK,VR,VV,2020
1545,186,Jarvenpaa,1,AP,VR,VO,2020
782,91,Helsinki,1,AP,VR,VO,2020
1190,92,Vantaa,1,AP,VR,VO,2020
438,49,Espoo,1,AP,VR,VO,2020
117,49,Espoo,1,AP,VR,VO,2020
978,91,Helsinki,1,AK,VR,VO,2020
1450,106,Hyvinkaa,1,AP,VR,VO,2020
1152,92,Vantaa,1,AP,VR,VO,2020
1144,92,Vantaa,2,AP,VR,VO,2020
2093,927,Vihti,1,AP,VR,VO,2020
314,49,Espoo,1,AP,VR,VO,2020
836,91,Helsinki,1,AP,VR,VO,2020
1488,186,Jarvenpaa,3,AP,VR,VO,2020
2079,858,Tuusula,1,AP,VR,VO,2020
388,49,Espoo,1,AP,VR,VO,2020
597,91,Helsinki,56,AK,VR,VV,2020
433,49,Espoo,1,AP,VR,VO,2020
851,91,Helsinki,2,AP,VR,VO,2020
1814,543,Nurmijarvi,2,AP,VR,VO,2020
1881,753,Sipoo,8,AK,ARA,PK,2020
322,49,Espoo,1,AP,VR,VO,2020
2133,927,Vihti,1,AP,VR,VO,2020
779,91,Helsinki,2,AP,VR,VO,2020
1213,92,Vantaa,2,AP,VR,VO,2020
557,91,Helsinki,58,AK,ARA,PK,2020
1983,858,Tuusula,1,AP,VR,VO,2020
210,49,Espoo,1,AP,VR,VO,2020
1867,753,Sipoo,1,AP,VR,VO,2020
307,49,Espoo,1,AP,VR,VO,2020
1304,92,Vantaa,1,AP,VR,VO,2020
1121,92,Vantaa,1,AP,VR,VO,2020
1052,92,Vantaa,2,AP,VR,VO,2020
1729,505,Mantsala,1,AP,VR,VO,2020
1306,92,Vantaa,2,AP,VR,VO,2020
1076,92,Vantaa,1,AP,VR,VO,2020
558,91,Helsinki,20,AK,ARA,PK,2020
1510,186,Jarvenpaa,3,AP,VR,VO,2020
1402,106,Hyvinkaa,1,AP,VR,VO,2020
1179,92,Vantaa,1,AP,VR,VO,2020
528,91,Helsinki,106,AK,VR,VO,2020
310,49,Espoo,2,AP,VR,VO,2020
870,91,Helsinki,1,AP,VR,VO,2020
1504,186,Jarvenpaa,1,AP,VR,VO,2020
1021,92,Vantaa,1,AP,VR,VO,2020
571,91,Helsinki,66,AK,VR,VO,2020
621,91,Helsinki,75,AK,VR,VV,2020
650,91,Helsinki,1,AP,VR,VO,2020
1623,257,Kirkkonummi,1,AP,VR,VO,2020
1101,92,Vantaa,2,AP,VR,VO,2020
705,91,Helsinki,1,AP,VR,VO,2020
1901,753,Sipoo,1,AP,VR,VO,2020
1855,543,Nurmijarvi,27,AK,VR,VO,2020
65,49,Espoo,1,AP,VR,VO,2020
1820,543,Nurmijarvi,2,AP,VR,VO,2020
1742,505,Mantsala,1,AP,VR,VO,2020
950,91,Helsinki,1,AK,VR,VO,2020
474,49,Espoo,2,AP,VR,VO,2020
232,49,Espoo,1,AP,VR,VO,2020
53,49,Espoo,20,AP,VR,VO,2020
1241,92,Vantaa,103,AK,VR,VO,2020
1283,92,Vantaa,1,AP,VR,VO,2020
2088,858,Tuusula,2,AP,VR,VO,2020
1650,257,Kirkkonummi,1,AP,VR,VO,2020
1045,92,Vantaa,152,AK,VR,VV,2020
1272,92,Vantaa,2,AP,VR,VO,2020
461,49,Espoo,1,AP,VR,VO,2020
678,91,Helsinki,82,AK,VR,VO,2020
1401,106,Hyvinkaa,1,AP,VR,VO,2020
1097,92,Vantaa,2,AP,VR,VO,2020
568,91,Helsinki,8,AK,VR,VO,2020
1701,505,Mantsala,5,AP,VR,VO,2020
845,91,Helsinki,23,AK,VR,VO,2020
763,91,Helsinki,74,AK,VR,VV,2020
1612,245,Kerava,1,AP,VR,VO,2020
979,91,Helsinki,1,AP,VR,VO,2020
1122,92,Vantaa,1,AP,VR,VO,2020
1452,106,Hyvinkaa,1,AP,VR,VO,2020
471,49,Espoo,4,AP,VR,VO,2020
1172,92,Vantaa,4,AP,VR,VO,2020
1453,106,Hyvinkaa,23,AK,ASO,ASO,2020
595,91,Helsinki,30,AK,VR,VO,2020
728,91,Helsinki,2,AP,VR,VO,2020
2141,927,Vihti,1,AP,VR,VO,2020
300,49,Espoo,1,AP,VR,VO,2020
1266,92,Vantaa,1,AP,VR,VO,2020
1359,92,Vantaa,1,AP,VR,VO,2020
843,91,Helsinki,1,AP,VR,VO,2020
1367,92,Vantaa,2,AP,VR,VO,2020
5,49,Espoo,121,AK,ARA,PK,2020
1619,245,Kerava,1,AP,VR,VO,2020
1843,543,Nurmijarvi,1,AP,VR,VO,2020
1442,106,Hyvinkaa,1,AP,VR,VO,2020
1655,257,Kirkkonummi,26,AK,VR,VO,2020
101,49,Espoo,1,AP,VR,VO,2020
1788,543,Nurmijarvi,1,AP,VR,VO,2020
783,91,Helsinki,1,AP,VR,VO,2020
1845,543,Nurmijarvi,1,AP,VR,VO,2020
635,91,Helsinki,36,AK,VR,VO,2020
1095,92,Vantaa,1,AP,VR,VO,2020
1926,753,Sipoo,1,AP,VR,VO,2020
938,91,Helsinki,1,AP,VR,VO,2020
2114,927,Vihti,1,AP,VR,VV,2020
875,91,Helsinki,47,AK,VR,VO,2020
389,49,Espoo,1,AP,VR,VO,2020
1758,543,Nurmijarvi,1,AP,VR,VO,2020
702,91,Helsinki,1,AP,VR,VO,2020
1037,92,Vantaa,1,AP,VR,VO,2020
6,49,Espoo,117,AK,ARA,PK,2020
1243,92,Vantaa,1,AP,VR,VO,2020
1771,543,Nurmijarvi,1,AP,VR,VO,2020
312,49,Espoo,2,AP,VR,VO,2020
1596,245,Kerava,1,AP,VR,VO,2020
405,49,Espoo,1,AP,VR,VO,2020
1937,753,Sipoo,1,AP,VR,VO,2020
1731,505,Mantsala,1,AP,VR,VO,2020
1649,257,Kirkkonummi,1,AP,VR,VO,2020
205,49,Espoo,1,AP,VR,VO,2020
1559,186,Jarvenpaa,20,AK,ARA,ER,2020
2148,927,Vihti,1,AP,VR,VO,2020
219,49,Espoo,1,AP,VR,VO,2020
898,91,Helsinki,2,AP,VR,VO,2020
888,91,Helsinki,1,AP,VR,VO,2020
352,49,Espoo,1,AP,VR,VO,2020
1260,92,Vantaa,22,AK,VR,VO,2020
1392,235,Kauniainen,1,AP,VR,VO,2020
1360,92,Vantaa,1,AP,VR,VO,2020
1048,92,Vantaa,205,AK,VR,VO,2020
2060,858,Tuusula,18,AK,VR,VO,2020
111,49,Espoo,1,AP,VR,VO,2020
1372,92,Vantaa,3,AP,VR,VO,2020
2020,858,Tuusula,2,AP,VR,VO,2020
622,91,Helsinki,1,AP,VR,VO,2020
960,91,Helsinki,44,AK,VR,VO,2020
1571,186,Jarvenpaa,28,AK,ARA,PK,2020
11,49,Espoo,104,AK,VR,VV,2020
655,91,Helsinki,2,AP,VR,VO,2020
1550,186,Jarvenpaa,1,AP,VR,VO,2020
2074,858,Tuusula,18,AP,VR,VV,2020
280,49,Espoo,2,AP,VR,VO,2020
688,91,Helsinki,5,AP,ASO,ASO,2020
1768,543,Nurmijarvi,1,AP,VR,VO,2020
1377,92,Vantaa,5,AP,VR,VO,2020
1215,92,Vantaa,1,AP,VR,VO,2020
226,49,Espoo,1,AP,VR,VO,2020
335,49,Espoo,1,AP,VR,VO,2020
171,49,Espoo,1,AP,VR,VO,2020
1967,858,Tuusula,2,AP,VR,VO,2020
485,49,Espoo,1,AP,VR,VO,2020
213,49,Espoo,1,AP,VR,VO,2020
1992,858,Tuusula,1,AP,VR,VO,2020
532,91,Helsinki,21,AK,ASO,ASO,2020
1800,543,Nurmijarvi,1,AP,VR,VO,2020
2009,858,Tuusula,22,AP,ASO,ASO,2020
333,49,Espoo,1,AP,VR,VO,2020
743,91,Helsinki,1,AP,VR,VO,2020
1042,92,Vantaa,1,AP,VR,VO,2020
478,49,Espoo,1,AP,VR,VO,2020
1891,753,Sipoo,1,AP,VR,VO,2020
1169,92,Vantaa,2,AP,VR,VO,2020
1109,92,Vantaa,2,AP,VR,VO,2020
1935,753,Sipoo,1,AP,VR,VO,2020
1556,186,Jarvenpaa,11,AK,ARA,PK,2020
1225,92,Vantaa,1,AP,VR,VO,2020
820,91,Helsinki,1,AP,VR,VO,2020
1985,858,Tuusula,2,AP,VR,VO,2020
1209,92,Vantaa,2,AP,VR,VO,2020
1427,106,Hyvinkaa,18,AK,ASO,ASO,2020
1680,257,Kirkkonummi,1,AP,VR,VO,2020
359,49,Espoo,2,AP,VR,VO,2020
1666,257,Kirkkonummi,1,AP,VR,VO,2020
305,49,Espoo,1,AP,VR,VO,2020
772,91,Helsinki,1,AP,VR,VO,2020
1325,92,Vantaa,1,AP,VR,VO,2020
1107,92,Vantaa,3,AP,VR,VO,2020
64,49,Espoo,36,AP,VR,VO,2020
247,49,Espoo,1,AP,VR,VO,2020
1906,753,Sipoo,1,AP,VR,VO,2020
1834,543,Nurmijarvi,3,AP,VR,VO,2020
904,91,Helsinki,1,AP,VR,VO,2020
2,49,Espoo,47,AK,VR,VO,2020
1583,245,Kerava,1,AP,VR,VO,2020
1780,543,Nurmijarvi,1,AP,VR,VO,2020
1156,92,Vantaa,1,AP,VR,VO,2020
504,91,Helsinki,66,AK,VR,VV,2020
1339,92,Vantaa,2,AP,VR,VO,2020
1715,505,Mantsala,1,AP,VR,VO,2020
2075,858,Tuusula,1,AP,VR,VO,2020
1956,858,Tuusula,1,AP,VR,VO,2020
1602,245,Kerava,1,AP,VR,VO,2020
344,49,Espoo,1,AP,VR,VO,2020
269,49,Espoo,2,AP,VR,VO,2020
145,49,Espoo,1,AP,VR,VO,2020
181,49,Espoo,1,AP,VR,VO,2020
1491,186,Jarvenpaa,1,AP,VR,VO,2020
1236,92,Vantaa,4,AK,VR,VO,2020
1345,92,Vantaa,1,AP,VR,VO,2020
1688,257,Kirkkonummi,2,AP,VR,VO,2020
382,49,Espoo,2,AP,VR,VO,2020
1207,92,Vantaa,3,AP,VR,VO,2020
1769,543,Nurmijarvi,1,AP,VR,VO,2020
85,49,Espoo,1,AP,VR,VO,2020
959,91,Helsinki,2,AK,VR,VO,2020
606,91,Helsinki,3,AP,VR,VO,2020
202,49,Espoo,2,AP,VR,VO,2020
809,91,Helsinki,1,AP,VR,VO,2020
1554,186,Jarvenpaa,2,AP,VR,VO,2020
1364,92,Vantaa,48,AK,VR,VO,2020
339,49,Espoo,1,AP,VR,VO,2020
865,91,Helsinki,1,AP,VR,VO,2020
1230,92,Vantaa,1,AP,VR,VO,2020
2127,927,Vihti,1,AP,VR,VO,2020
1087,92,Vantaa,3,AP,VR,VO,2020
1929,753,Sipoo,1,AP,VR,VO,2020
1747,543,Nurmijarvi,1,AP,VR,VO,2020
1218,92,Vantaa,2,AP,VR,VO,2020
1996,858,Tuusula,1,AP,VR,VO,2020
874,91,Helsinki,1,AP,VR,VO,2020
120,49,Espoo,1,AP,VR,VO,2020
822,91,Helsinki,1,AP,VR,VO,2020
748,91,Helsinki,2,AP,VR,VO,2020
1727,505,Mantsala,5,AP,VR,VO,2020
1582,245,Kerava,35,AK,ASO,ASO,2020
1954,858,Tuusula,1,AP,VR,VO,2020
915,91,Helsinki,1,AP,VR,VO,2020
1772,543,Nurmijarvi,1,AP,VR,VO,2020
1336,92,Vantaa,2,AP,VR,VO,2020
1869,753,Sipoo,1,AP,VR,VO,2020
358,49,Espoo,2,AP,VR,VO,2020
397,49,Espoo,2,AP,VR,VO,2020
1071,92,Vantaa,2,AP,VR,VO,2020
659,91,Helsinki,70,AK,VR,VO,2020
777,91,Helsinki,2,AP,VR,VO,2020
197,49,Espoo,1,AP,VR,VO,2020
37,49,Espoo,92,AK,VR,VO,2020
2076,858,Tuusula,1,AP,VR,VO,2020
409,49,Espoo,1,AP,VR,VO,2020
1735,505,Mantsala,1,AP,VR,VO,2020
1720,505,Mantsala,1,AP,VR,VO,2020
281,49,Espoo,2,AP,VR,VO,2020
283,49,Espoo,2,AP,VR,VO,2020
1448,106,Hyvinkaa,1,AP,VR,VO,2020
1959,858,Tuusula,1,AP,VR,VO,2020
360,49,Espoo,2,AP,VR,VO,2020
1601,245,Kerava,2,AP,VR,VO,2020
1454,106,Hyvinkaa,1,AP,VR,VO,2020
2118,927,Vihti,1,AP,VR,VO,2020
1776,543,Nurmijarvi,1,AP,VR,VO,2020
1856,543,Nurmijarvi,49,AK,ARA,PK,2020
430,49,Espoo,1,AP,VR,VO,2020
56,49,Espoo,61,AK,ASO,ASO,2020
854,91,Helsinki,1,AP,VR,VO,2020
1951,858,Tuusula,1,AP,VR,VO,2020
2147,927,Vihti,1,AP,VR,VO,2020
1880,753,Sipoo,10,AK,VR,VO,2020
1271,92,Vantaa,2,AP,VR,VO,2020
1063,92,Vantaa,1,AP,VR,VO,2020
601,91,Helsinki,14,AP,VR,VO,2020
481,49,Espoo,1,AP,VR,VO,2020
439,49,Espoo,1,AP,VR,VO,2020
340,49,Espoo,1,AP,VR,VO,2020
916,91,Helsinki,2,AP,VR,VO,2020
1714,505,Mantsala,6,AP,VR,VO,2020
679,91,Helsinki,12,AK,ARA,PK,2020
1932,753,Sipoo,1,AP,VR,VO,2020
372,49,Espoo,1,AP,VR,VO,2020
955,91,Helsinki,1,AP,VR,VO,2020
1331,92,Vantaa,1,AP,VR,VO,2020
15,49,Espoo,74,AK,VR,VO,2020
291,49,Espoo,1,AP,VR,VO,2020
1022,92,Vantaa,1,AP,VR,VO,2020
1189,92,Vantaa,1,AP,VR,VO,2020
1,49,Espoo,21,AP,VR,VO,2020
290,49,Espoo,1,AP,VR,VO,2020
1417,106,Hyvinkaa,2,AP,VR,VO,2020
97,49,Espoo,2,AP,VR,VO,2020
1214,92,Vantaa,2,AP,VR,VO,2020
472,49,Espoo,4,AP,VR,VO,2020
1950,858,Tuusula,2,AP,VR,VO,2020
1512,186,Jarvenpaa,3,AP,VR,VO,2020
1445,106,Hyvinkaa,1,AP,VR,VO,2020
1055,92,Vantaa,3,AP,VR,VO,2020
1521,186,Jarvenpaa,1,AP,VR,VO,2020
1198,92,Vantaa,1,AP,VR,VO,2020
664,91,Helsinki,1,AP,VR,VO,2020
905,91,Helsinki,1,AP,VR,VO,2020
512,91,Helsinki,15,AK,VR,VO,2020
510,91,Helsinki,1,AP,VR,VO,2020
719,91,Helsinki,1,AP,VR,VO,2020
275,49,Espoo,2,AP,VR,VO,2020
691,91,Helsinki,74,AK,VR,VV,2020
1660,257,Kirkkonummi,1,AP,VR,VO,2020
309,49,Espoo,1,AP,VR,VO,2020
435,49,Espoo,1,AP,VR,VO,2020
1344,92,Vantaa,2,AP,VR,VO,2020
1722,505,Mantsala,1,AP,VR,VO,2020
1043,92,Vantaa,129,AK,VR,VV,2020
2144,927,Vihti,1,AP,VR,VO,2020
1350,92,Vantaa,2,AP,VR,VO,2020
958,91,Helsinki,1,AK,VR,VO,2020
1126,92,Vantaa,1,AP,VR,VO,2020
997,91,Helsinki,65,AK,VR,VO,2020
1334,92,Vantaa,1,AP,VR,VO,2020
1700,257,Kirkkonummi,24,AK,VR,VV,2020
1289,92,Vantaa,2,AP,VR,VO,2020
681,91,Helsinki,13,AK,ARA,PK,2020
1879,753,Sipoo,10,AK,VR,VO,2020
2003,858,Tuusula,1,AP,VR,VO,2020
71,49,Espoo,1,AP,VR,VO,2020
1805,543,Nurmijarvi,2,AP,VR,VO,2020
122,49,Espoo,1,AP,VR,VO,2020
2128,927,Vihti,1,AP,VR,VO,2020
1381,235,Kauniainen,36,AK,VR,VO,2020
1919,753,Sipoo,1,AP,VR,VO,2020
1657,257,Kirkkonummi,1,AP,VR,VO,2020
1998,858,Tuusula,1,AP,VR,VO,2020
1632,257,Kirkkonummi,1,AP,VR,VO,2020
379,49,Espoo,1,AP,VR,VO,2020
204,49,Espoo,1,AP,VR,VO,2020
1511,186,Jarvenpaa,3,AP,VR,VO,2020
1588,245,Kerava,1,AP,VR,VO,2020
1237,92,Vantaa,8,AK,VR,VO,2020
1977,858,Tuusula,1,AP,VR,VO,2020
554,91,Helsinki,19,AK,VR,VO,2020
1232,92,Vantaa,1,AP,VR,VO,2020
1585,245,Kerava,5,AK,VR,VO,2020
1859,753,Sipoo,1,AP,VR,VO,2020
1989,858,Tuusula,1,AP,VR,VO,2020
39,49,Espoo,75,AK,VR,VV,2020
1004,91,Helsinki,1,AK,VR,VO,2020
1013,91,Helsinki,1,AK,VR,VO,2020
1318,92,Vantaa,2,AP,VR,VO,2020
1017,91,Helsinki,1,AK,VR,VO,2020
1436,106,Hyvinkaa,1,AP,VR,VO,2020
975,91,Helsinki,1,AK,VR,VO,2020
1388,235,Kauniainen,44,AK,ARA,PK,2020
1006,91,Helsinki,1,AK,VR,VO,2020
1576,245,Kerava,1,AP,VR,VO,2020
2139,927,Vihti,1,AP,VR,VO,2020
1319,92,Vantaa,6,AP,VR,VO,2020
540,91,Helsinki,47,AK,VR,VO,2020
973,91,Helsinki,1,AK,VR,VO,2020
1133,92,Vantaa,1,AP,VR,VO,2020
1781,543,Nurmijarvi,1,AP,VR,VO,2020
1470,186,Jarvenpaa,1,AP,VR,VO,2020
1885,753,Sipoo,2,AP,VR,VO,2020
662,91,Helsinki,120,AK,ARA,PK,2020
1131,92,Vantaa,1,AP,VR,VO,2020
1103,92,Vantaa,3,AP,VR,VO,2020
233,49,Espoo,1,AP,VR,VO,2020
362,49,Espoo,1,AP,VR,VO,2020
654,91,Helsinki,1,AP,VR,VO,2020
2129,927,Vihti,1,AP,VR,VO,2020
1302,92,Vantaa,1,AP,VR,VO,2020
896,91,Helsinki,2,AP,VR,VO,2020
2145,927,Vihti,1,AP,VR,VO,2020
386,49,Espoo,1,AP,VR,VO,2020
2062,858,Tuusula,9,AP,VR,VO,2020
1162,92,Vantaa,1,AP,VR,VO,2020
7,49,Espoo,126,AK,ARA,PK,2020
1664,257,Kirkkonummi,1,AP,VR,VO,2020
1821,543,Nurmijarvi,2,AP,VR,VO,2020
1515,186,Jarvenpaa,3,AP,VR,VO,2020
1587,245,Kerava,1,AP,VR,VO,2020
1314,92,Vantaa,2,AP,VR,VO,2020
1492,186,Jarvenpaa,1,AP,VR,VO,2020
1791,543,Nurmijarvi,1,AP,VR,VO,2020
534,91,Helsinki,89,AK,ARA,PK,2020
381,49,Espoo,1,AP,VR,VO,2020
270,49,Espoo,1,AP,VR,VO,2020
458,49,Espoo,1,AP,VR,VO,2020
1186,92,Vantaa,1,AP,VR,VO,2020
447,49,Espoo,1,AP,VR,VO,2020
1167,92,Vantaa,1,AP,VR,VO,2020
304,49,Espoo,1,AP,VR,VO,2020
1924,753,Sipoo,1,AP,VR,VO,2020
1873,753,Sipoo,39,AK,ARA,PK,2020
1295,92,Vantaa,2,AP,VR,VO,2020
349,49,Espoo,1,AP,VR,VO,2020
785,91,Helsinki,2,AP,VR,VO,2020
190,49,Espoo,1,AP,VR,VO,2020
2137,927,Vihti,1,AP,VR,VO,2020
2008,858,Tuusula,86,AK,VR,VT,2020
465,49,Espoo,2,AP,VR,VO,2020
1824,543,Nurmijarvi,5,AP,VR,VO,2020
2111,927,Vihti,1,AP,VR,VO,2020
44,49,Espoo,53,AK,VR,VV,2020
1128,92,Vantaa,1,AP,VR,VO,2020
418,49,Espoo,2,AP,VR,VO,2020
1784,543,Nurmijarvi,1,AP,VR,VO,2020
587,91,Helsinki,17,AK,ASO,ASO,2020
1264,92,Vantaa,1,AP,VR,VO,2020
565,91,Helsinki,58,AK,VR,VO,2020
1813,543,Nurmijarvi,2,AP,VR,VO,2020
319,49,Espoo,1,AP,VR,VO,2020
139,49,Espoo,2,AP,VR,VO,2020
604,91,Helsinki,2,AP,VR,VO,2020
134,49,Espoo,1,AP,VR,VO,2020
42,49,Espoo,70,AK,ARA,PK,2020
926,91,Helsinki,1,AP,VR,VO,2020
1147,92,Vantaa,2,AP,VR,VO,2020
2107,927,Vihti,1,AP,VR,VO,2020
1159,92,Vantaa,2,AP,VR,VO,2020
2070,858,Tuusula,1,AP,VR,VO,2020
1193,92,Vantaa,1,AP,VR,VO,2020
754,91,Helsinki,28,AK,VR,VO,2020
1981,858,Tuusula,1,AP,VR,VO,2020
1274,92,Vantaa,2,AP,VR,VO,2020
1836,543,Nurmijarvi,42,AK,VR,VV,2020
1018,91,Helsinki,2,AP,VR,VO,2020
1425,106,Hyvinkaa,26,AK,VR,VO,2020
2132,927,Vihti,1,AP,VR,VO,2020
1002,91,Helsinki,33,AK,VR,VO,2020
345,49,Espoo,1,AP,VR,VO,2020
645,91,Helsinki,72,AK,VR,VO,2020
394,49,Espoo,1,AP,VR,VO,2020
1963,858,Tuusula,1,AP,VR,VO,2020
1275,92,Vantaa,1,AP,VR,VO,2020
1710,505,Mantsala,2,AP,VR,VO,2020
1357,92,Vantaa,1,AP,VR,VO,2020
400,49,Espoo,2,AP,VR,VO,2020
1085,92,Vantaa,1,AP,VR,VO,2020
89,49,Espoo,2,AP,VR,VO,2020
1224,92,Vantaa,2,AP,VR,VO,2020
2050,858,Tuusula,1,AP,VR,VO,2020
1748,543,Nurmijarvi,1,AP,VR,VO,2020
2035,858,Tuusula,1,AP,VR,VO,2020
811,91,Helsinki,1,AP,VR,VO,2020
1679,257,Kirkkonummi,1,AP,VR,VO,2020
537,91,Helsinki,1,AP,VR,VO,2020
1661,257,Kirkkonummi,1,AP,VR,VO,2020
8,49,Espoo,78,AK,VR,VV,2020
946,91,Helsinki,21,AK,VR,VV,2020
667,91,Helsinki,2,AP,VR,VO,2020
1890,753,Sipoo,1,AP,VR,VO,2020
793,91,Helsinki,21,AK,VR,VO,2020
2140,927,Vihti,1,AP,VR,VO,2020
2085,858,Tuusula,2,AP,VR,VO,2020
1412,106,Hyvinkaa,2,AP,VR,VO,2020
1523,186,Jarvenpaa,1,AP,VR,VO,2020
1309,92,Vantaa,2,AP,VR,VO,2020
715,91,Helsinki,48,AK,VR,VV,2020
572,91,Helsinki,29,AK,VR,VO,2020
1775,543,Nurmijarvi,1,AP,VR,VO,2020
1613,245,Kerava,1,AP,VR,VO,2020
1785,543,Nurmijarvi,1,AP,VR,VO,2020
1721,505,Mantsala,1,AP,VR,VO,2020
4,49,Espoo,86,AK,VR,VO,2020
742,91,Helsinki,1,AP,VR,VO,2020
266,49,Espoo,2,AP,VR,VO,2020
479,49,Espoo,1,AP,VR,VO,2020
1589,245,Kerava,1,AP,VR,VO,2020
548,91,Helsinki,147,AK,VR,VV,2020
920,91,Helsinki,1,AP,VR,VO,2020
237,49,Espoo,1,AP,VR,VO,2020
199,49,Espoo,1,AP,VR,VO,2020
729,91,Helsinki,2,AP,VR,VO,2020
1853,543,Nurmijarvi,1,AP,VR,VO,2020
330,49,Espoo,1,AP,VR,VO,2020
1279,92,Vantaa,1,AP,VR,VO,2020
84,49,Espoo,1,AP,VR,VO,2020
1933,753,Sipoo,1,AP,VR,VO,2020
299,49,Espoo,1,AP,VR,VO,2020
82,49,Espoo,1,AP,VR,VO,2020
880,91,Helsinki,1,AP,VR,VO,2020
1070,92,Vantaa,2,AP,VR,VO,2020
1942,753,Sipoo,1,AP,VR,VO,2020
1074,92,Vantaa,2,AP,VR,VO,2020
1403,106,Hyvinkaa,1,AP,VR,VO,2020
175,49,Espoo,2,AP,VR,VO,2020
1988,858,Tuusula,1,AP,VR,VO,2020
1920,753,Sipoo,1,AP,VR,VO,2020
265,49,Espoo,1,AP,VR,VO,2020
1804,543,Nurmijarvi,2,AP,VR,VO,2020
1535,186,Jarvenpaa,2,AP,VR,VO,2020
813,91,Helsinki,1,AP,VR,VO,2020
1987,858,Tuusula,2,AP,VR,VO,2020
1916,753,Sipoo,1,AP,VR,VO,2020
2110,927,Vihti,1,AP,VR,VO,2020
1428,106,Hyvinkaa,46,AK,ASO,ASO,2020
695,91,Helsinki,2,AP,VR,VO,2020
331,49,Espoo,1,AP,VR,VO,2020
325,49,Espoo,1,AP,VR,VO,2020
2068,858,Tuusula,1,AP,VR,VO,2020
623,91,Helsinki,2,AP,VR,VO,2020
183,49,Espoo,1,AP,VR,VO,2020
1194,92,Vantaa,1,AP,VR,VO,2020
594,91,Helsinki,80,AK,VR,VO,2020
1643,257,Kirkkonummi,1,AP,VR,VO,2020
1415,106,Hyvinkaa,2,AP,VR,VO,2020
2086,858,Tuusula,1,AP,VR,VO,2020
2034,858,Tuusula,1,AP,VR,VO,2020
315,49,Espoo,1,AP,VR,VO,2020
513,91,Helsinki,2,AP,VR,VO,2020
632,91,Helsinki,2,AP,VR,VO,2020
22,49,Espoo,119,AK,VR,VO,2020
86,49,Espoo,1,AP,VR,VO,2020
16,49,Espoo,57,AK,VR,VO,2020
583,91,Helsinki,8,AP,ASO,ASO,2020
2120,927,Vihti,1,AP,VR,VO,2020
35,49,Espoo,20,AK,VR,VO,2020
1822,543,Nurmijarvi,2,AP,VR,VO,2020
547,91,Helsinki,2,AP,VR,VO,2020
1370,92,Vantaa,2,AP,VR,VO,2020
493,49,Espoo,1,AP,VR,VO,2020
1607,245,Kerava,1,AP,VR,VO,2020
1423,106,Hyvinkaa,7,AP,VR,VO,2020
850,91,Helsinki,11,AK,VR,VO,2020
1496,186,Jarvenpaa,1,AP,VR,VO,2020
977,91,Helsinki,2,AK,VR,VO,2020
1965,858,Tuusula,1,AP,VR,VO,2020
789,91,Helsinki,2,AP,VR,VO,2020
66,49,Espoo,1,AP,VR,VO,2020
1633,257,Kirkkonummi,1,AP,VR,VO,2020
881,91,Helsinki,1,AP,VR,VO,2020
1358,92,Vantaa,1,AP,VR,VO,2020
703,91,Helsinki,1,AP,VR,VO,2020
1593,245,Kerava,1,AP,VR,VO,2020
469,49,Espoo,1,AP,VR,VO,2020
944,91,Helsinki,7,AK,VR,VO,2020
1591,245,Kerava,1,AP,VR,VO,2020
1699,257,Kirkkonummi,65,AK,VR,VV,2020
141,49,Espoo,2,AP,VR,VO,2020
1397,235,Kauniainen,1,AP,VR,VO,2020
969,91,Helsinki,5,AK,VR,VO,2020
1506,186,Jarvenpaa,1,AP,VR,VO,2020
531,91,Helsinki,20,AK,ASO,ASO,2020
1941,753,Sipoo,1,AP,VR,VO,2020
10,49,Espoo,74,AK,VR,VV,2020
448,49,Espoo,1,AP,VR,VO,2020
1757,543,Nurmijarvi,1,AP,VR,VO,2020
2098,927,Vihti,1,AP,VR,VO,2020
248,49,Espoo,1,AP,VR,VO,2020
541,91,Helsinki,18,AK,VR,VV,2020
261,49,Espoo,1,AP,VR,VO,2020
1202,92,Vantaa,1,AP,VR,VO,2020
1094,92,Vantaa,2,AP,VR,VO,2020
1011,91,Helsinki,1,AP,VR,VO,2020
196,49,Espoo,1,AP,VR,VO,2020
1724,505,Mantsala,1,AP,VR,VO,2020
2018,858,Tuusula,1,AP,VR,VO,2020
1064,92,Vantaa,2,AP,VR,VO,2020
2153,927,Vihti,6,AP,VR,VV,2020
1994,858,Tuusula,1,AP,VR,VO,2020
1226,92,Vantaa,26,AK,VR,VO,2020
398,49,Espoo,2,AP,VR,VO,2020
580,91,Helsinki,5,AP,ASO,ASO,2020
1446,106,Hyvinkaa,2,AP,VR,VO,2020
27,49,Espoo,80,AK,VR,VV,2020
1125,92,Vantaa,2,AP,VR,VO,2020
2066,858,Tuusula,1,AP,VR,VO,2020
1640,257,Kirkkonummi,1,AP,VR,VO,2020
91,49,Espoo,1,AP,VR,VO,2020
984,91,Helsinki,1,AP,VR,VO,2020
990,91,Helsinki,1,AP,VR,VO,2020
1199,92,Vantaa,1,AP,VR,VO,2020
1405,106,Hyvinkaa,1,AP,VR,VO,2020
1280,92,Vantaa,2,AP,VR,VO,2020
147,49,Espoo,1,AP,VR,VO,2020
1363,92,Vantaa,66,AK,VR,VO,2020
1993,858,Tuusula,1,AP,VR,VO,2020
786,91,Helsinki,2,AP,VR,VO,2020
1884,753,Sipoo,2,AP,VR,VO,2020
1883,753,Sipoo,2,AP,VR,VO,2020
1362,92,Vantaa,1,AP,VR,VO,2020
1618,245,Kerava,65,AK,ARA,PK,2020
1290,92,Vantaa,2,AP,VR,VO,2020
408,49,Espoo,1,AP,VR,VO,2020
1330,92,Vantaa,1,AP,VR,VO,2020
1178,92,Vantaa,1,AP,VR,VO,2020
346,49,Espoo,1,AP,VR,VO,2020
1863,753,Sipoo,1,AP,VR,VO,2020
971,91,Helsinki,1,AK,VR,VO,2020
1161,92,Vantaa,20,AK,VR,VO,2020
1681,257,Kirkkonummi,1,AP,VR,VO,2020
234,49,Espoo,1,AP,VR,VO,2020
153,49,Espoo,1,AP,VR,VO,2020
491,49,Espoo,1,AP,VR,VO,2020
78,49,Espoo,1,AP,VR,VO,2020
618,91,Helsinki,31,AK,VR,VO,2020
1485,186,Jarvenpaa,1,AP,VR,VO,2020
1146,92,Vantaa,2,AP,VR,VO,2020
1053,92,Vantaa,2,AP,VR,VO,2020
1793,543,Nurmijarvi,1,AP,VR,VO,2020
1435,106,Hyvinkaa,1,AP,VR,VO,2020
477,49,Espoo,1,AP,VR,VO,2020
1399,235,Kauniainen,1,AP,VR,VO,2020
1099,92,Vantaa,3,AP,VR,VO,2020
709,91,Helsinki,1,AP,VR,VO,2020
1837,543,Nurmijarvi,30,AK,VR,VO,2020
2056,858,Tuusula,2,AP,VR,VO,2020
1282,92,Vantaa,1,AP,VR,VO,2020
1072,92,Vantaa,1,AP,VR,VO,2020
1234,92,Vantaa,1,AP,VR,VO,2020
168,49,Espoo,2,AP,VR,VO,2020
105,49,Espoo,1,AP,VR,VO,2020
1611,245,Kerava,1,AP,VR,VO,2020
1579,245,Kerava,1,AP,VR,VO,2020
1142,92,Vantaa,1,AP,VR,VO,2020
170,49,Espoo,1,AP,VR,VO,2020
1614,245,Kerava,1,AP,VR,VO,2020
468,49,Espoo,1,AP,VR,VO,2020
137,49,Espoo,1,AP,VR,VO,2020
146,49,Espoo,1,AP,VR,VO,2020
1667,257,Kirkkonummi,1,AP,VR,VO,2020
255,49,Espoo,1,AP,VR,VO,2020
2032,858,Tuusula,22,AP,ASO,ASO,2020
156,49,Espoo,1,AP,VR,VO,2020
1204,92,Vantaa,1,AP,VR,VO,2020
1287,92,Vantaa,1,AP,VR,VO,2020
496,49,Espoo,1,AP,VR,VO,2020
470,49,Espoo,2,AP,VR,VO,2020
919,91,Helsinki,1,AP,VR,VO,2020
1905,753,Sipoo,1,AP,VR,VO,2020
1158,92,Vantaa,1,AP,VR,VO,2020
1668,257,Kirkkonummi,1,AP,VR,VO,2020
956,91,Helsinki,6,AK,VR,VO,2020
373,49,Espoo,2,AP,VR,VO,2020
1338,92,Vantaa,2,AP,VR,VO,2020
396,49,Espoo,2,AP,VR,VO,2020
1431,106,Hyvinkaa,22,AK,VR,VO,2020
2057,858,Tuusula,2,AP,VR,VO,2020
377,49,Espoo,1,AP,VR,VO,2020
1065,92,Vantaa,2,AP,VR,VO,2020
1000,91,Helsinki,1,AK,VR,VO,2020
1936,753,Sipoo,1,AP,VR,VO,2020
872,91,Helsinki,1,AP,VR,VO,2020
1060,92,Vantaa,1,AP,VR,VO,2020
555,91,Helsinki,233,AK,VR,VO,2020
633,91,Helsinki,27,AK,VR,VO,2020
1786,543,Nurmijarvi,1,AP,VR,VO,2020
353,49,Espoo,1,AP,VR,VO,2020
952,91,Helsinki,1,AK,VR,VO,2020
1819,543,Nurmijarvi,2,AP,VR,VO,2020
1075,92,Vantaa,1,AP,VR,VO,2020
765,91,Helsinki,1,AP,VR,VO,2020
1526,186,Jarvenpaa,7,AP,VR,VO,2020
954,91,Helsinki,7,AK,VR,VV,2020
126,49,Espoo,1,AP,VR,VO,2020
1235,92,Vantaa,1,AP,VR,VO,2020
375,49,Espoo,1,AP,VR,VO,2020
701,91,Helsinki,20,AK,VR,VV,2020
124,49,Espoo,1,AP,VR,VO,2020
363,49,Espoo,1,AP,VR,VO,2020
1697,257,Kirkkonummi,9,AK,VR,VO,2020
277,49,Espoo,2,AP,VR,VO,2020
699,91,Helsinki,27,AK,VR,VV,2020
508,91,Helsinki,2,AP,VR,VO,2020
1119,92,Vantaa,1,AP,VR,VO,2020
347,49,Espoo,1,AP,VR,VO,2020
1023,92,Vantaa,1,AP,VR,VO,2020
924,91,Helsinki,1,AP,VR,VO,2020
951,91,Helsinki,2,AK,VR,VO,2020
1244,92,Vantaa,1,AP,VR,VO,2020
1009,91,Helsinki,1,AP,VR,VO,2020
412,49,Espoo,1,AP,VR,VO,2020
1925,753,Sipoo,1,AP,VR,VO,2020
1212,92,Vantaa,2,AP,VR,VO,2020
1505,186,Jarvenpaa,2,AP,VR,VO,2020
1187,92,Vantaa,1,AP,VR,VO,2020
1555,186,Jarvenpaa,2,AP,VR,VO,2020
1635,257,Kirkkonummi,1,AP,VR,VO,2020
771,91,Helsinki,1,AP,VR,VO,2020
1874,753,Sipoo,32,AK,ARA,PK,2020
1032,92,Vantaa,1,AP,VR,VO,2020
1653,257,Kirkkonummi,1,AP,VR,VO,2020
48,49,Espoo,24,AP,VR,VV,2020
321,49,Espoo,1,AP,VR,VO,2020
